scenario_id,mc_run,error,mae_rt_sCFR,mciw_rt_sCFR,mcic_rt_sCFR,mae_rcf_sCFR,mciw_rcf_sCFR,mcic_rcf_sCFR,bias_beta_abs_1_sCFR,width_beta_abs_1_sCFR,cover_beta_abs_1_sCFR,bias_lambda_1_sCFR,width_lambda_1_sCFR,cover_lambda_1_sCFR,bias_beta_abs_2_sCFR,width_beta_abs_2_sCFR,cover_beta_abs_2_sCFR,bias_lambda_2_sCFR,width_lambda_2_sCFR,cover_lambda_2_sCFR,mae_rt_cCFR_cumulative,mciw_rt_cCFR_cumulative,mcic_rt_cCFR_cumulative,mae_rt_aCFR_cumulative,mciw_rt_aCFR_cumulative,mcic_rt_aCFR_cumulative,mae_rt_its,mciw_rt_its,mcic_rt_its,mae_rcf_its,mciw_rcf_its,mcic_rcf_its,bias_beta_abs_1_its,width_beta_abs_1_its,cover_beta_abs_1_its,bias_lambda_1_its,width_lambda_1_its,cover_lambda_1_its,bias_beta_abs_2_its,width_beta_abs_2_its,cover_beta_abs_2_its,bias_lambda_2_its,width_lambda_2_its,cover_lambda_2_its
S09,1,None,0.001455672667361796,0.005779750378977041,0.86,0.00287398393265903,0.008176972885266875,0.865,-4.264484882354736,3.3289167199516667,False,0.7743659734725952,3.463863107189536,True,-2.1309353709220886,3.5498111153952774,True,0.5362498879432678,2.824309232085942,True,0.011928604449518584,0.0007492226103596231,0.005,0.009401322055516576,0.0027722123872460404,0.125,0.0022025015834232346,0.0014951985565904548,0.22,0.0027788983351608033,0.0031730779369056415,0.29,-4.664935910535897,0.18324415606061156,False,2.392035383081728,0.0019305023708215963,False,-3.0,0.010150012740273776,False,0.7404810359854908,0.00019943791475052208,False
S09,2,None,0.001531726447865367,0.0048458214555867005,0.815,0.001846928265877068,0.011889513993402942,0.905,-3.345384359359741,5.808086033165454,True,0.7629661083221435,3.0525655560661096,True,-1.8176610469818115,5.553478260291734,True,0.7335408449172973,4.652406861353666,True,0.011907057730229575,0.0007297749066213287,0.01,0.009287829455775465,0.0017342649019995325,0.06,0.001625641881767802,0.0017976357306273344,0.35,0.0030013036494243267,0.003900108198736678,0.32,-4.935536232540454,0.2616640580741562,False,1.760877301589267,0.02775760529201987,False,-3.0,0.28571722029917745,False,0.7252387613104776,0.025934251719573975,False
