scenario_id,mc_run,error,mae_rt_sCFR,mciw_rt_sCFR,mcic_rt_sCFR,mae_rcf_sCFR,mciw_rcf_sCFR,mcic_rcf_sCFR,mae_rt_cCFR_cumulative,mciw_rt_cCFR_cumulative,mcic_rt_cCFR_cumulative,mae_rt_aCFR_cumulative,mciw_rt_aCFR_cumulative,mcic_rt_aCFR_cumulative,mae_rt_its,mciw_rt_its,mcic_rt_its,mae_rcf_its,mciw_rcf_its,mcic_rcf_its
S07,1,None,0.001430667587555945,0.006504149764543398,0.94,0.001430667587555945,0.006504149764543398,0.94,0.00996887845195244,0.0007351536948811896,0.0,0.0069099620197179586,0.002467902624093728,0.09,0.0014318951858296937,0.0014502964561352596,0.3,0.0014318951858296937,0.0014502964561352596,0.3
S07,2,None,0.0014862200478091836,0.009423271079431287,0.975,0.0014862200478091836,0.009423271079431287,0.975,0.01006722294795229,0.0007380714851138364,0.005,0.007293742596515083,0.0019369909543486647,0.085,0.0014224139661476124,0.0015951744665444734,0.38,0.0014224139661476124,0.0015951744665444734,0.38
