scenario_id,mc_run,error,mae_rt_sCFR,mciw_rt_sCFR,mcic_rt_sCFR,mae_rcf_sCFR,mciw_rcf_sCFR,mcic_rcf_sCFR,bias_beta_abs_1_sCFR,width_beta_abs_1_sCFR,cover_beta_abs_1_sCFR,bias_lambda_1_sCFR,width_lambda_1_sCFR,cover_lambda_1_sCFR,bias_beta_abs_2_sCFR,width_beta_abs_2_sCFR,cover_beta_abs_2_sCFR,bias_lambda_2_sCFR,width_lambda_2_sCFR,cover_lambda_2_sCFR,mae_rt_cCFR_cumulative,mciw_rt_cCFR_cumulative,mcic_rt_cCFR_cumulative,mae_rt_aCFR_cumulative,mciw_rt_aCFR_cumulative,mcic_rt_aCFR_cumulative,mae_rt_its,mciw_rt_its,mcic_rt_its,mae_rcf_its,mciw_rcf_its,mcic_rcf_its,bias_beta_abs_1_its,width_beta_abs_1_its,cover_beta_abs_1_its,bias_lambda_1_its,width_lambda_1_its,cover_lambda_1_its,bias_beta_abs_2_its,width_beta_abs_2_its,cover_beta_abs_2_its,bias_lambda_2_its,width_lambda_2_its,cover_lambda_2_its
S12,1,None,0.0012547342339530587,0.015485500456939914,1.0,0.0026392624713480473,0.017912683603703038,0.995,-3.5928547382354736,6.9278339264470565,True,0.522587251663208,2.8874178502243013,True,-1.740331768989563,5.621342861652286,True,0.6050114154815673,3.3742263699881723,True,0.010068153045122563,0.0005572601464425948,0.0,0.008246441255734826,0.0020043645521729565,0.14,0.0015906201112976847,0.0011144185591107404,0.195,0.0038058166763864825,0.0012825854338853093,0.08,-5.0,0.0,False,3.3068899385465884,3.032897342558627e-05,False,-3.0,0.1599156698114754,False,0.12570154697924757,0.15178169042586537,False
S12,2,None,0.001228640554472804,0.013597641640284564,1.0,0.001883476972579956,0.019983495636028234,1.0,-2.593968391418457,8.669580081234892,True,0.5781942725181579,3.0058942269533864,True,-1.5723103284835815,7.39448052061662,True,0.5644384741783142,3.3088533865520726,True,0.010028668390923933,0.0005545244412497992,0.0,0.008198779376341551,0.001989262510787802,0.165,0.0016450116698176614,0.001129065900005728,0.19,0.00371412908979963,0.001181203866525548,0.135,-5.0,0.0,False,1.8971555606042763,3.0120170595893114e-05,False,-3.0,0.09524271666078446,False,0.3365538913983444,0.01137736709600512,False
