scenario_id,mc_run,error,mae_rt_sCFR,mciw_rt_sCFR,mcic_rt_sCFR,mae_rcf_sCFR,mciw_rcf_sCFR,mcic_rcf_sCFR,mae_rt_cCFR_cumulative,mciw_rt_cCFR_cumulative,mcic_rt_cCFR_cumulative,mae_rt_aCFR_cumulative,mciw_rt_aCFR_cumulative,mcic_rt_aCFR_cumulative,mae_rt_its,mciw_rt_its,mcic_rt_its,mae_rcf_its,mciw_rcf_its,mcic_rcf_its
S04,1,None,0.0015181316994130611,0.004397169310192111,0.735,0.0015181316994130611,0.004397169310192111,0.735,0.007890927317457566,0.0007506344474291879,0.015,0.005510631477805942,0.001998194728463967,0.135,0.001494225958675418,0.0015836075214018563,0.285,0.001494225958675418,0.0015836075214018563,0.285
S04,2,None,0.001630235929042101,0.010325402327056506,0.99,0.001630235929042101,0.010325402327056506,0.99,0.008133378844331096,0.0007725121514635795,0.01,0.0062499288354450145,0.0022195335861371008,0.105,0.0016167836910505329,0.0011880013376330929,0.26,0.0016167836910505329,0.0011880013376330929,0.26
