scenario_id,mc_run,error,mae_rt_sCFR,mciw_rt_sCFR,mcic_rt_sCFR,mae_rcf_sCFR,mciw_rcf_sCFR,mcic_rcf_sCFR,bias_beta_abs_1_sCFR,width_beta_abs_1_sCFR,cover_beta_abs_1_sCFR,bias_lambda_1_sCFR,width_lambda_1_sCFR,cover_lambda_1_sCFR,mae_rt_cCFR_cumulative,mciw_rt_cCFR_cumulative,mcic_rt_cCFR_cumulative,mae_rt_aCFR_cumulative,mciw_rt_aCFR_cumulative,mcic_rt_aCFR_cumulative,mae_rt_its,mciw_rt_its,mcic_rt_its,mae_rcf_its,mciw_rcf_its,mcic_rcf_its,bias_beta_abs_1_its,width_beta_abs_1_its,cover_beta_abs_1_its,bias_lambda_1_its,width_lambda_1_its,cover_lambda_1_its
S11,1,None,0.0012781084515154362,0.012160930166137403,1.0,0.006175275892019272,0.04868671733915106,1.0,2.207747459411621,45.98390357918103,True,0.7980273485183715,3.8614720704965273,True,0.011345206199773812,0.00055361992045674,0.005,0.009514510459637979,0.001221053861265621,0.135,0.00155915982055778,0.0017570612256239283,0.365,0.0021757445793827725,0.0032056445511017147,0.34,-4.780870076774319,0.2651561185906654,False,1.5592804281486852,0.05640209532927254,False
S11,2,None,0.0022390747908502817,0.002209997558617033,0.325,0.05018037185072899,0.013828525082441045,0.16,10.646303176879883,6.7247109651565555,False,0.5271148204803466,0.3711251765489578,False,0.011353223196407808,0.0005608093783682573,0.0,0.00952596907349363,0.0019033747786683503,0.155,0.0017985496313466175,0.0018215591493968742,0.365,0.003870599985143859,0.004183139635850705,0.355,-4.486749962225188,0.31359489135243973,False,1.3965239055911456,0.11274732426491507,False
