scenario_id,mc_run,error,mae_rt_sCFR,mciw_rt_sCFR,mcic_rt_sCFR,mae_rcf_sCFR,mciw_rcf_sCFR,mcic_rcf_sCFR,mae_rt_cCFR_cumulative,mciw_rt_cCFR_cumulative,mcic_rt_cCFR_cumulative,mae_rt_aCFR_cumulative,mciw_rt_aCFR_cumulative,mcic_rt_aCFR_cumulative,mae_rt_its,mciw_rt_its,mcic_rt_its,mae_rcf_its,mciw_rcf_its,mcic_rcf_its
S10,1,None,0.0012722918763756752,0.009708788115764035,0.995,0.0012722918763756752,0.009708788115764035,0.995,0.010815886767868736,0.0005579015993988767,0.0,0.00896497422501626,0.001179369782687511,0.13,0.0013659751941791315,0.0014713227161664332,0.34,0.0013659751941791315,0.0014713227161664332,0.34
S10,2,None,0.0014553265646100044,0.012544310156779828,1.0,0.0014553265646100044,0.012544310156779828,1.0,0.01104071909363311,0.000569278831879623,0.005,0.009132999988661352,0.0013780520286530626,0.145,0.0016488381517508555,0.001610433870004742,0.345,0.0016488381517508555,0.001610433870004742,0.345
