scenario_id,mc_run,error,mae_rt_sCFR,mciw_rt_sCFR,mcic_rt_sCFR,mae_rcf_sCFR,mciw_rcf_sCFR,mcic_rcf_sCFR,mae_rt_cCFR_cumulative,mciw_rt_cCFR_cumulative,mcic_rt_cCFR_cumulative,mae_rt_aCFR_cumulative,mciw_rt_aCFR_cumulative,mcic_rt_aCFR_cumulative,mae_rt_its,mciw_rt_its,mcic_rt_its,mae_rcf_its,mciw_rcf_its,mcic_rcf_its
S01,1,None,0.0017826217226684093,0.0035327245277585457,0.59,0.0017826217226684093,0.0035327245277585457,0.59,0.005510055549254441,0.0006708958566188544,0.03,0.0022699721269612456,0.0027268271326947547,0.18,0.0017592408634899556,0.0016230004211147825,0.265,0.0017592408634899556,0.0016230004211147825,0.265
S01,2,None,0.001700272667221725,0.02053875665564555,1.0,0.001700272667221725,0.02053875665564555,1.0,0.005598893564205885,0.0006627601984114071,0.035,0.001961857543961722,0.0014889120007438356,0.24,0.001757943459854695,0.0010075092786996124,0.175,0.001757943459854695,0.0010075092786996124,0.175
