scenario_id,mc_run,error,mae_rt_sCFR,mciw_rt_sCFR,mcic_rt_sCFR,mae_rcf_sCFR,mciw_rcf_sCFR,mcic_rcf_sCFR,bias_beta_abs_1_sCFR,width_beta_abs_1_sCFR,cover_beta_abs_1_sCFR,bias_lambda_1_sCFR,width_lambda_1_sCFR,cover_lambda_1_sCFR,mae_rt_cCFR_cumulative,mciw_rt_cCFR_cumulative,mcic_rt_cCFR_cumulative,mae_rt_aCFR_cumulative,mciw_rt_aCFR_cumulative,mcic_rt_aCFR_cumulative,mae_rt_its,mciw_rt_its,mcic_rt_its,mae_rcf_its,mciw_rcf_its,mcic_rcf_its,bias_beta_abs_1_its,width_beta_abs_1_its,cover_beta_abs_1_its,bias_lambda_1_its,width_lambda_1_its,cover_lambda_1_its
S05,1,None,0.001435819547623396,0.00626334204757586,0.955,0.001730168703943491,0.009051403960969763,0.96,-3.431300163269043,6.631308535188872,True,0.6582417607307434,3.103414077591151,True,0.009570768202891659,0.0007611714485531714,0.025,0.007428407100363653,0.0019537953574110035,0.11,0.0014892164637078187,0.0013022755840685998,0.27,0.002548481578188207,0.0016513617715495903,0.145,-4.989372861819176,0.11615411183573449,False,1.322392262621245,0.009387587873854741,False
S05,2,None,0.0014973272336646914,0.010801996127265736,0.995,0.0018819981487467885,0.012707876925938761,0.985,-3.5829774141311646,5.910322132181908,True,0.7283695459365844,3.435874987579882,True,0.009574859622274935,0.0007605553295555534,0.015,0.00734022569259699,0.0020391839247623634,0.14,0.0016835936680940466,0.0014621419783762129,0.245,0.002244725447122256,0.0019870694157348625,0.245,-4.9329786713865476,0.16132009305847894,False,1.2565869041334168,0.03634276168349415,False
