scenario_id,mc_run,error,mae_rt_sCFR,mciw_rt_sCFR,mcic_rt_sCFR,mae_rcf_sCFR,mciw_rcf_sCFR,mcic_rcf_sCFR,bias_beta_abs_1_sCFR,width_beta_abs_1_sCFR,cover_beta_abs_1_sCFR,bias_lambda_1_sCFR,width_lambda_1_sCFR,cover_lambda_1_sCFR,bias_beta_abs_2_sCFR,width_beta_abs_2_sCFR,cover_beta_abs_2_sCFR,bias_lambda_2_sCFR,width_lambda_2_sCFR,cover_lambda_2_sCFR,mae_rt_cCFR_cumulative,mciw_rt_cCFR_cumulative,mcic_rt_cCFR_cumulative,mae_rt_aCFR_cumulative,mciw_rt_aCFR_cumulative,mcic_rt_aCFR_cumulative,mae_rt_its,mciw_rt_its,mcic_rt_its,mae_rcf_its,mciw_rcf_its,mcic_rcf_its,bias_beta_abs_1_its,width_beta_abs_1_its,cover_beta_abs_1_its,bias_lambda_1_its,width_lambda_1_its,cover_lambda_1_its,bias_beta_abs_2_its,width_beta_abs_2_its,cover_beta_abs_2_its,bias_lambda_2_its,width_lambda_2_its,cover_lambda_2_its
S06,1,None,0.0013979269424453378,0.009623826946073675,0.99,0.0025555468164384365,0.012147415062587241,0.97,-3.820325255393982,5.904370367016235,True,0.6227850437164306,3.580427799699828,True,-1.8107624053955078,5.182505661909445,True,0.4829692363739014,3.1592652620514845,True,0.009673179412398644,0.0007564867564852498,0.03,0.008000212313021303,0.0017385565127995917,0.11,0.0013870720969150598,0.0007201429694937079,0.19,0.002683180124986463,0.0004442182365437426,0.055,-4.900346110578942,0.03416999397901503,False,3.546601046932092,5.16888609247701e-06,False,-2.9999978672016514,0.033900922209559495,False,0.6349092788944186,3.067677872947705e-06,False
S06,2,None,0.001251031644642353,0.009235646513407116,0.99,0.0016477667959406972,0.019029085479443885,0.995,-3.26806902885437,8.314414703333743,True,0.6582488536834716,3.1972904185764484,True,-1.6946406364440918,4.881981496547811,True,0.5166165351867675,2.8567112168762825,True,0.009526624187644963,0.0007568654206007784,0.03,0.007777776358765762,0.002824221261083781,0.12,0.001282906587226565,0.0014370828556066312,0.39,0.0024800883481951082,0.0029530418244523866,0.34,-4.883744167223583,0.2456091988163045,False,2.6704006028997322,0.00701030185438567,False,-3.0,0.08752041882090532,False,1.3476673626116968,0.0013551350265821327,False
