scenario_id,mc_run,error,mae_rt_sCFR,mciw_rt_sCFR,mcic_rt_sCFR,mae_rcf_sCFR,mciw_rcf_sCFR,mcic_rcf_sCFR,bias_beta_abs_1_sCFR,width_beta_abs_1_sCFR,cover_beta_abs_1_sCFR,bias_lambda_1_sCFR,width_lambda_1_sCFR,cover_lambda_1_sCFR,mae_rt_cCFR_cumulative,mciw_rt_cCFR_cumulative,mcic_rt_cCFR_cumulative,mae_rt_aCFR_cumulative,mciw_rt_aCFR_cumulative,mcic_rt_aCFR_cumulative,mae_rt_its,mciw_rt_its,mcic_rt_its,mae_rcf_its,mciw_rcf_its,mcic_rcf_its,bias_beta_abs_1_its,width_beta_abs_1_its,cover_beta_abs_1_its,bias_lambda_1_its,width_lambda_1_its,cover_lambda_1_its
S02,1,None,0.0015022401930764318,0.008127318917890078,0.96,0.0016984102549031377,0.021956640920194326,0.99,-2.264056921005249,15.227773550848346,True,0.7122667551040649,3.3546009841375053,True,0.005914164326087474,0.0006782698160625591,0.03,0.003180420709117462,0.002538624905982821,0.135,0.0014166432603488833,0.001273807696830568,0.305,0.003261545347570588,0.0014584839774004616,0.16,-4.997847894597089,0.07106577139881615,False,1.3560003669323704,0.003540905919539261,False
S02,2,None,0.001335521461442113,0.008476506702718323,0.985,0.0022193402983248234,0.009546889864490366,0.895,-3.617173433303833,4.411465802813205,False,0.43233163356781007,2.4627065787091835,True,0.006158893874016381,0.0006645976799797474,0.02,0.0029941902037249877,0.0017425251164575827,0.225,0.001263090735682229,0.0010977838714431387,0.265,0.0027983562541175205,0.0013026161851599348,0.16,-4.955631267861332,0.0820269116768843,False,1.1940822401505715,0.001024417242013076,False
