scenario_id,mc_run,error,mae_rt_sCFR,mciw_rt_sCFR,mcic_rt_sCFR,mae_rcf_sCFR,mciw_rcf_sCFR,mcic_rcf_sCFR,bias_beta_abs_1_sCFR,width_beta_abs_1_sCFR,cover_beta_abs_1_sCFR,bias_lambda_1_sCFR,width_lambda_1_sCFR,cover_lambda_1_sCFR,bias_beta_abs_2_sCFR,width_beta_abs_2_sCFR,cover_beta_abs_2_sCFR,bias_lambda_2_sCFR,width_lambda_2_sCFR,cover_lambda_2_sCFR,mae_rt_cCFR_cumulative,mciw_rt_cCFR_cumulative,mcic_rt_cCFR_cumulative,mae_rt_aCFR_cumulative,mciw_rt_aCFR_cumulative,mcic_rt_aCFR_cumulative,mae_rt_its,mciw_rt_its,mcic_rt_its,mae_rcf_its,mciw_rcf_its,mcic_rcf_its,bias_beta_abs_1_its,width_beta_abs_1_its,cover_beta_abs_1_its,bias_lambda_1_its,width_lambda_1_its,cover_lambda_1_its,bias_beta_abs_2_its,width_beta_abs_2_its,cover_beta_abs_2_its,bias_lambda_2_its,width_lambda_2_its,cover_lambda_2_its
S03,1,None,0.0013557974016293883,0.0041094298101961605,0.775,0.0027907979674637318,0.007398566998424939,0.775,-1.3390071392059326,12.362345339206513,True,0.6035223126411438,3.081040850467979,True,-2.106011927127838,4.248712672421967,True,0.44750596284866334,3.1997969145886596,True,0.005713320604606327,0.0006651198198611255,0.02,0.0032839609464233943,0.0017260908238420785,0.165,0.0013556991903124374,0.0018923399236311083,0.415,0.0038575329203003905,0.004410259905245734,0.365,-4.997044941827011,0.23541409196704818,False,1.8387764674250937,0.13338803175364689,False,-2.9935403987567653,0.3302131662949491,False,0.6747846047217134,0.9298737593899027,True
S03,2,None,0.0013920179335400462,0.010155331891961394,0.995,0.02070872113108635,0.06640731244487687,1.0,0.6514701843261719,25.33770314306019,True,1.0575494289398193,3.874149843119085,True,-0.7174348831176758,6.644041076380381,True,0.4365591526031494,2.4629450676497067,True,0.005775310450494436,0.0006722503814488431,0.04,0.0033006859599156433,0.0017917932244816055,0.175,0.00189347439639354,0.0012208926543143602,0.19,0.0020272090254726516,0.0017429371162413373,0.275,-4.754823166880141,0.08750580245834155,False,2.9626449937872685,0.0002532051752286435,False,-3.0,0.004647636855994477,False,0.546012314486694,9.113527455217874e-05,False
