scenario_id,mc_run,error,mae_rt_sCFR,mciw_rt_sCFR,mcic_rt_sCFR,mae_rcf_sCFR,mciw_rcf_sCFR,mcic_rcf_sCFR,bias_beta_abs_1_sCFR,width_beta_abs_1_sCFR,cover_beta_abs_1_sCFR,bias_lambda_1_sCFR,width_lambda_1_sCFR,cover_lambda_1_sCFR,mae_rt_cCFR_cumulative,mciw_rt_cCFR_cumulative,mcic_rt_cCFR_cumulative,mae_rt_aCFR_cumulative,mciw_rt_aCFR_cumulative,mcic_rt_aCFR_cumulative,mae_rt_its,mciw_rt_its,mcic_rt_its,mae_rcf_its,mciw_rcf_its,mcic_rcf_its,bias_beta_abs_1_its,width_beta_abs_1_its,cover_beta_abs_1_its,bias_lambda_1_its,width_lambda_1_its,cover_lambda_1_its
S08,1,None,0.0013633962953463197,0.007488599239964968,0.96,0.0017684835474938154,0.011384037867945151,0.985,-3.450423240661621,7.7322531690024885,True,0.6273918271064758,3.4128897146787476,True,0.011286152359420662,0.000717228255930886,0.02,0.00849639081961849,0.0017589735238751237,0.045,0.0026863026774040554,0.002080084295640432,0.24,0.00942037782962848,0.007489300129180401,0.14,-3.857326066624961,0.47906704333703,False,1.5819491151685325,0.01156892648391028,False
S08,2,None,0.0016138434875756502,0.008390806295676156,0.935,0.0017548666801303625,0.014668205302325075,0.96,-2.600581169128418,12.522327353231594,True,0.7388600826263427,3.3274160047061723,True,0.011817201338739402,0.0007347459443833845,0.02,0.009558916488223972,0.0015372275108380211,0.045,0.0032195506195951827,0.0022740937921973113,0.185,0.009077296910730271,0.007564254064370239,0.105,-3.8963617845353475,0.5048542399812068,False,1.7173258683936898,0.009002369480082706,False
