{
    "scenario_id": "S07",
    "mc_run": 2,
    "error": "None",
    "mae_rt_sCFR": 0.00042224914068356156,
    "mciw_rt_sCFR": 0.0017713824082165957,
    "mcic_rt_sCFR": 1.0,
    "mae_rcf_sCFR": 0.00042224914068356156,
    "mciw_rcf_sCFR": 0.0017713824082165957,
    "mcic_rcf_sCFR": 1.0,
    "mae_rt_cCFR_cumulative": 0.009822356255868064,
    "mciw_rt_cCFR_cumulative": 0.0007418905677758788,
    "mcic_rt_cCFR_cumulative": 0.01,
    "mae_rt_aCFR_cumulative": 0.006652666132931273,
    "mciw_rt_aCFR_cumulative": 0.002536765892335589,
    "mcic_rt_aCFR_cumulative": 0.105,
    "mae_rt_its": 0.0010855267806447874,
    "mciw_rt_its": 0.0014210854476449596,
    "mcic_rt_its": 0.33,
    "mae_rcf_its": 0.0010855267806447874,
    "mciw_rcf_its": 0.0014210854476449596,
    "mcic_rcf_its": 0.33
}