{
    "scenario_id": "S10",
    "mc_run": 4,
    "error": "None",
    "mae_rt_sCFR": 0.0005083055002614856,
    "mciw_rt_sCFR": 0.002086680592619814,
    "mcic_rt_sCFR": 0.86,
    "mae_rcf_sCFR": 0.0005083055002614856,
    "mciw_rcf_sCFR": 0.002086680592619814,
    "mcic_rcf_sCFR": 0.86,
    "mae_rt_cCFR_cumulative": 0.016433653047596253,
    "mciw_rt_cCFR_cumulative": 0.0006934937524904705,
    "mcic_rt_cCFR_cumulative": 0.005,
    "mae_rt_aCFR_cumulative": 0.013068094527989777,
    "mciw_rt_aCFR_cumulative": 0.001310708749507472,
    "mcic_rt_aCFR_cumulative": 0.035,
    "mae_rt_its": 0.000718912902751812,
    "mciw_rt_its": 0.001352553380942321,
    "mcic_rt_its": 0.535,
    "mae_rcf_its": 0.000718912902751812,
    "mciw_rcf_its": 0.001352553380942321,
    "mcic_rcf_its": 0.535
}