{
    "scenario_id": "S11",
    "mc_run": 4,
    "error": "None",
    "mae_rt_sCFR": 0.0005493820644915104,
    "mciw_rt_sCFR": 0.0021513157789595423,
    "mcic_rt_sCFR": 1.0,
    "mae_rcf_sCFR": 0.0013506049290299416,
    "mciw_rcf_sCFR": 0.009758313006663228,
    "mcic_rcf_sCFR": 1.0,
    "bias_beta_abs_1_sCFR": 0.3358778953552246,
    "width_beta_abs_1_sCFR": 3.6999751592054952,
    "cover_beta_abs_1_sCFR": true,
    "bias_lambda_1_sCFR": 0.2868555784225464,
    "width_lambda_1_sCFR": 3.766226605232803,
    "cover_lambda_1_sCFR": true,
    "mae_rt_cCFR_cumulative": 0.016655414627802977,
    "mciw_rt_cCFR_cumulative": 0.0007085280012991288,
    "mcic_rt_cCFR_cumulative": 0.005,
    "mae_rt_aCFR_cumulative": 0.013251039586157047,
    "mciw_rt_aCFR_cumulative": 0.0014075020181290054,
    "mcic_rt_aCFR_cumulative": 0.065,
    "mae_rt_its": 0.002645908814980405,
    "mciw_rt_its": 0.0030151929757821854,
    "mcic_rt_its": 0.335,
    "mae_rcf_its": 0.005216423339450107,
    "mciw_rcf_its": 0.006422583685230187,
    "mcic_rcf_its": 0.2,
    "bias_beta_abs_1_its": -0.6253579951563415,
    "width_beta_abs_1_its": 0.2711714122909196,
    "cover_beta_abs_1_its": false,
    "bias_lambda_1_its": 0.5944139067527008,
    "width_lambda_1_its": 0.016937731136418943,
    "cover_lambda_1_its": false
}