{
    "scenario_id": "S06",
    "mc_run": 8,
    "error": "None",
    "mae_rt_sCFR": 0.00029060247470624745,
    "mciw_rt_sCFR": 0.0018368322268361222,
    "mcic_rt_sCFR": 0.995,
    "mae_rcf_sCFR": 0.0009912227978929877,
    "mciw_rcf_sCFR": 0.011870147200301287,
    "mcic_rcf_sCFR": 1.0,
    "bias_beta_abs_1_sCFR": 0.26717710494995117,
    "width_beta_abs_1_sCFR": 3.5659737773239604,
    "cover_beta_abs_1_sCFR": true,
    "bias_lambda_1_sCFR": 0.16241490840911865,
    "width_lambda_1_sCFR": 3.688091604132204,
    "cover_lambda_1_sCFR": true,
    "bias_beta_abs_2_sCFR": -0.11953210830688477,
    "width_beta_abs_2_sCFR": 2.969641199335456,
    "cover_beta_abs_2_sCFR": true,
    "bias_lambda_2_sCFR": -0.07107460498809814,
    "width_lambda_2_sCFR": 3.1853595954366023,
    "cover_lambda_2_sCFR": true,
    "mae_rt_cCFR_cumulative": 0.008687687035144269,
    "mciw_rt_cCFR_cumulative": 0.0007531823957093409,
    "mcic_rt_cCFR_cumulative": 0.02,
    "mae_rt_aCFR_cumulative": 0.006892006740250923,
    "mciw_rt_aCFR_cumulative": 0.0018367654345863354,
    "mcic_rt_aCFR_cumulative": 0.095,
    "mae_rt_its": 0.0005732469200129851,
    "mciw_rt_its": 0.001870311501492261,
    "mcic_rt_its": 0.75,
    "mae_rcf_its": 0.0007891063840967831,
    "mciw_rcf_its": 0.004173886486750509,
    "mcic_rcf_its": 0.97,
    "bias_beta_abs_1_its": -0.8575850876133555,
    "width_beta_abs_1_its": 0.29283503175516423,
    "cover_beta_abs_1_its": false,
    "bias_lambda_1_its": 1.8690928731418666,
    "width_lambda_1_its": 0.0037548482648634973,
    "cover_lambda_1_its": false,
    "bias_beta_abs_2_its": -1.0,
    "width_beta_abs_2_its": 0.053423814688779214,
    "cover_beta_abs_2_its": false,
    "bias_lambda_2_its": -0.03846480843301581,
    "width_lambda_2_its": 0.002464677836155005,
    "cover_lambda_2_its": false
}