{
    "scenario_id": "S09",
    "mc_run": 9,
    "error": "None",
    "mae_rt_sCFR": 0.0002696732117328793,
    "mciw_rt_sCFR": 0.0017666298744734377,
    "mcic_rt_sCFR": 1.0,
    "mae_rcf_sCFR": 0.0010309957433491945,
    "mciw_rcf_sCFR": 0.006368282868817912,
    "mcic_rcf_sCFR": 1.0,
    "bias_beta_abs_1_sCFR": -0.220392107963562,
    "width_beta_abs_1_sCFR": 2.645499044563621,
    "cover_beta_abs_1_sCFR": true,
    "bias_lambda_1_sCFR": -0.16758453845977783,
    "width_lambda_1_sCFR": 3.0497064791619772,
    "cover_lambda_1_sCFR": true,
    "bias_beta_abs_2_sCFR": 0.08339095115661621,
    "width_beta_abs_2_sCFR": 3.729880461469291,
    "cover_beta_abs_2_sCFR": true,
    "bias_lambda_2_sCFR": 0.11378669738769531,
    "width_lambda_2_sCFR": 4.1213728419039395,
    "cover_lambda_2_sCFR": true,
    "mae_rt_cCFR_cumulative": 0.010763567480289565,
    "mciw_rt_cCFR_cumulative": 0.0007298380291057446,
    "mcic_rt_cCFR_cumulative": 0.01,
    "mae_rt_aCFR_cumulative": 0.007989124456883535,
    "mciw_rt_aCFR_cumulative": 0.0018522557079102824,
    "mcic_rt_aCFR_cumulative": 0.065,
    "mae_rt_its": 0.0004981000610327378,
    "mciw_rt_its": 0.0021508723740310803,
    "mcic_rt_its": 0.87,
    "mae_rcf_its": 0.0026298928717936763,
    "mciw_rcf_its": 0.004657332450386687,
    "mcic_rcf_its": 0.625,
    "bias_beta_abs_1_its": -0.9277638657803559,
    "width_beta_abs_1_its": 0.26877446578774433,
    "cover_beta_abs_1_its": false,
    "bias_lambda_1_its": 1.4222307081235424,
    "width_lambda_1_its": 0.05586007469316323,
    "cover_lambda_1_its": false,
    "bias_beta_abs_2_its": -0.021250249262777965,
    "width_beta_abs_2_its": 1.5862349890445868,
    "cover_beta_abs_2_its": true,
    "bias_lambda_2_its": -0.9655338509711257,
    "width_lambda_2_its": 0.39656518032998633,
    "cover_lambda_2_its": false
}