{
    "scenario_id": "S04",
    "mc_run": 10,
    "error": "None",
    "mae_rt_sCFR": 0.0003768476890400052,
    "mciw_rt_sCFR": 0.0018270142095861955,
    "mcic_rt_sCFR": 1.0,
    "mae_rcf_sCFR": 0.0003768476890400052,
    "mciw_rcf_sCFR": 0.0018270142095861955,
    "mcic_rcf_sCFR": 1.0,
    "mae_rt_cCFR_cumulative": 0.007796904900803767,
    "mciw_rt_cCFR_cumulative": 0.0007590684005912002,
    "mcic_rt_cCFR_cumulative": 0.025,
    "mae_rt_aCFR_cumulative": 0.005604514038224326,
    "mciw_rt_aCFR_cumulative": 0.0029375104232393988,
    "mcic_rt_aCFR_cumulative": 0.125,
    "mae_rt_its": 0.0001967778649231413,
    "mciw_rt_its": 0.001032463543361016,
    "mcic_rt_its": 0.875,
    "mae_rcf_its": 0.0001967778649231413,
    "mciw_rcf_its": 0.001032463543361016,
    "mcic_rcf_its": 0.875
}