{
    "scenario_id": "S12",
    "mc_run": 6,
    "error": "None",
    "mae_rt_sCFR": 0.0005995110259391367,
    "mciw_rt_sCFR": 0.00233175568660954,
    "mcic_rt_sCFR": 0.975,
    "mae_rcf_sCFR": 0.023434462025761604,
    "mciw_rcf_sCFR": 0.06680173154867954,
    "mcic_rcf_sCFR": 0.975,
    "bias_beta_abs_1_sCFR": 1.67454195022583,
    "width_beta_abs_1_sCFR": 5.8001185089349745,
    "cover_beta_abs_1_sCFR": true,
    "bias_lambda_1_sCFR": 1.2416210174560547,
    "width_lambda_1_sCFR": 4.84087425172329,
    "cover_lambda_1_sCFR": true,
    "bias_beta_abs_2_sCFR": -0.04575181007385254,
    "width_beta_abs_2_sCFR": 3.333118560956791,
    "cover_beta_abs_2_sCFR": true,
    "bias_lambda_2_sCFR": -0.032346129417419434,
    "width_lambda_2_sCFR": 3.465805475832893,
    "cover_lambda_2_sCFR": true,
    "mae_rt_cCFR_cumulative": 0.01493412683752724,
    "mciw_rt_cCFR_cumulative": 0.0006963798781177532,
    "mcic_rt_cCFR_cumulative": 0.01,
    "mae_rt_aCFR_cumulative": 0.011712009102040248,
    "mciw_rt_aCFR_cumulative": 0.0014901412987901388,
    "mcic_rt_aCFR_cumulative": 0.05,
    "mae_rt_its": 0.0005215352322853151,
    "mciw_rt_its": 0.0014200348219155286,
    "mcic_rt_its": 0.725,
    "mae_rcf_its": 0.0034696804591056816,
    "mciw_rcf_its": 0.0013732633085602982,
    "mcic_rcf_its": 0.12,
    "bias_beta_abs_1_its": -1.0,
    "width_beta_abs_1_its": 0.011401513745548871,
    "cover_beta_abs_1_its": false,
    "bias_lambda_1_its": 0.13148183222027354,
    "width_lambda_1_its": 0.00025277725222938585,
    "cover_lambda_1_its": false,
    "bias_beta_abs_2_its": -1.0,
    "width_beta_abs_2_its": 0.02613936424257611,
    "cover_beta_abs_2_its": false,
    "bias_lambda_2_its": -0.17317491060352452,
    "width_lambda_2_its": 0.0003155800218769267,
    "cover_lambda_2_its": false
}