{
    "scenario_id": "S02",
    "mc_run": 3,
    "error": "None",
    "mae_rt_sCFR": 0.00021960657613817602,
    "mciw_rt_sCFR": 0.0017846049681538717,
    "mcic_rt_sCFR": 1.0,
    "mae_rcf_sCFR": 0.0009215037571266294,
    "mciw_rcf_sCFR": 0.003926461925148032,
    "mcic_rcf_sCFR": 1.0,
    "bias_beta_abs_1_sCFR": -0.1838729977607727,
    "width_beta_abs_1_sCFR": 2.8852450713980935,
    "cover_beta_abs_1_sCFR": true,
    "bias_lambda_1_sCFR": -0.19480013847351074,
    "width_lambda_1_sCFR": 2.973936144914477,
    "cover_lambda_1_sCFR": true,
    "mae_rt_cCFR_cumulative": 0.005339625280353195,
    "mciw_rt_cCFR_cumulative": 0.0006708270777967232,
    "mcic_rt_cCFR_cumulative": 0.03,
    "mae_rt_aCFR_cumulative": 0.0018381576913449125,
    "mciw_rt_aCFR_cumulative": 0.001708191589009468,
    "mcic_rt_aCFR_cumulative": 0.5,
    "mae_rt_its": 0.00014312568393460458,
    "mciw_rt_its": 0.0014994669454261378,
    "mcic_rt_its": 1.0,
    "mae_rcf_its": 0.0015311375451477114,
    "mciw_rcf_its": 0.0016777755432083902,
    "mcic_rcf_its": 0.55,
    "bias_beta_abs_1_its": -0.9961633681468197,
    "width_beta_abs_1_its": 0.06785870832898083,
    "cover_beta_abs_1_its": false,
    "bias_lambda_1_its": 0.6436962615744248,
    "width_lambda_1_its": 0.0018430834751561598,
    "cover_lambda_1_its": false
}