{
    "scenario_id": "S05",
    "mc_run": 5,
    "error": "None",
    "mae_rt_sCFR": 0.00037162695662118495,
    "mciw_rt_sCFR": 0.0017758320231805553,
    "mcic_rt_sCFR": 1.0,
    "mae_rcf_sCFR": 0.000848749652504921,
    "mciw_rcf_sCFR": 0.003574588209565263,
    "mcic_rcf_sCFR": 1.0,
    "bias_beta_abs_1_sCFR": -0.1839330792427063,
    "width_beta_abs_1_sCFR": 2.925525054684839,
    "cover_beta_abs_1_sCFR": true,
    "bias_lambda_1_sCFR": -0.16276699304580688,
    "width_lambda_1_sCFR": 3.050721151079051,
    "cover_lambda_1_sCFR": true,
    "mae_rt_cCFR_cumulative": 0.008618948450774164,
    "mciw_rt_cCFR_cumulative": 0.0007630368579627758,
    "mcic_rt_cCFR_cumulative": 0.03,
    "mae_rt_aCFR_cumulative": 0.0066476057378618385,
    "mciw_rt_aCFR_cumulative": 0.0021663029217650833,
    "mcic_rt_aCFR_cumulative": 0.095,
    "mae_rt_its": 0.0003598832222409628,
    "mciw_rt_its": 0.0013190146895862408,
    "mcic_rt_its": 0.955,
    "mae_rcf_its": 0.0010400953865380201,
    "mciw_rcf_its": 0.0016159154823966854,
    "mcic_rcf_its": 0.615,
    "bias_beta_abs_1_its": -0.9593532968075571,
    "width_beta_abs_1_its": 0.09580319193259403,
    "cover_beta_abs_1_its": false,
    "bias_lambda_1_its": 0.7714337755936636,
    "width_lambda_1_its": 0.01362205317561882,
    "cover_lambda_1_its": false
}