{
    "scenario_id": "S07",
    "mc_run": 1,
    "error": "None",
    "mae_rt_sCFR": 0.00020160626445431262,
    "mciw_rt_sCFR": 0.001786986722727306,
    "mcic_rt_sCFR": 1.0,
    "mae_rcf_sCFR": 0.00020160626445431262,
    "mciw_rcf_sCFR": 0.001786986722727306,
    "mcic_rcf_sCFR": 1.0,
    "mae_rt_cCFR_cumulative": 0.009961781468210109,
    "mciw_rt_cCFR_cumulative": 0.0007287309775559423,
    "mcic_rt_cCFR_cumulative": 0.01,
    "mae_rt_aCFR_cumulative": 0.006985314767384126,
    "mciw_rt_aCFR_cumulative": 0.00173286183065262,
    "mcic_rt_aCFR_cumulative": 0.075,
    "mae_rt_its": 0.00027229799457578296,
    "mciw_rt_its": 0.0011889225226709207,
    "mcic_rt_its": 0.945,
    "mae_rcf_its": 0.00027229799457578296,
    "mciw_rcf_its": 0.0011889225226709207,
    "mcic_rcf_its": 0.945
}