{
    "scenario_id": "S10",
    "mc_run": 8,
    "error": "None",
    "mae_rt_sCFR": 0.0004107849963475019,
    "mciw_rt_sCFR": 0.0020968778675887734,
    "mcic_rt_sCFR": 1.0,
    "mae_rcf_sCFR": 0.0004107849963475019,
    "mciw_rcf_sCFR": 0.0020968778675887734,
    "mcic_rcf_sCFR": 1.0,
    "mae_rt_cCFR_cumulative": 0.016326526456859693,
    "mciw_rt_cCFR_cumulative": 0.0007057359445703163,
    "mcic_rt_cCFR_cumulative": 0.005,
    "mae_rt_aCFR_cumulative": 0.012794055745573837,
    "mciw_rt_aCFR_cumulative": 0.0014394343378980312,
    "mcic_rt_aCFR_cumulative": 0.07,
    "mae_rt_its": 0.0006455626660067082,
    "mciw_rt_its": 0.0016364749162475433,
    "mcic_rt_its": 0.655,
    "mae_rcf_its": 0.0006455626660067082,
    "mciw_rcf_its": 0.0016364749162475433,
    "mcic_rcf_its": 0.655
}