{
    "scenario_id": "S11",
    "mc_run": 2,
    "error": "None",
    "mae_rt_sCFR": 0.0005804227548651397,
    "mciw_rt_sCFR": 0.0021964253670885225,
    "mcic_rt_sCFR": 0.865,
    "mae_rcf_sCFR": 0.0019201943650841713,
    "mciw_rcf_sCFR": 0.011493752039270475,
    "mcic_rcf_sCFR": 1.0,
    "bias_beta_abs_1_sCFR": 0.4345407485961914,
    "width_beta_abs_1_sCFR": 4.254515063762663,
    "cover_beta_abs_1_sCFR": true,
    "bias_lambda_1_sCFR": 0.3812847137451172,
    "width_lambda_1_sCFR": 3.8841906156390875,
    "cover_lambda_1_sCFR": true,
    "mae_rt_cCFR_cumulative": 0.016609534312802206,
    "mciw_rt_cCFR_cumulative": 0.0007050631219120229,
    "mcic_rt_cCFR_cumulative": 0.005,
    "mae_rt_aCFR_cumulative": 0.013177768372047278,
    "mciw_rt_aCFR_cumulative": 0.001544649549824485,
    "mcic_rt_aCFR_cumulative": 0.08,
    "mae_rt_its": 0.0005723581948452215,
    "mciw_rt_its": 0.001987986249519581,
    "mcic_rt_its": 0.765,
    "mae_rcf_its": 0.0013888776472341664,
    "mciw_rcf_its": 0.0026521426493456334,
    "mcic_rcf_its": 0.6,
    "bias_beta_abs_1_its": -0.9579849411277009,
    "width_beta_abs_1_its": 0.09763405216517056,
    "cover_beta_abs_1_its": false,
    "bias_lambda_1_its": 0.20460344237474182,
    "width_lambda_1_its": 0.4942977634793495,
    "cover_lambda_1_its": true
}