{
    "scenario_id": "S06",
    "mc_run": 9,
    "error": "None",
    "mae_rt_sCFR": 0.0003892274107784033,
    "mciw_rt_sCFR": 0.001778833411517553,
    "mcic_rt_sCFR": 0.97,
    "mae_rcf_sCFR": 0.0004950937582179904,
    "mciw_rcf_sCFR": 0.007404483587102729,
    "mcic_rcf_sCFR": 0.97,
    "bias_beta_abs_1_sCFR": 0.05576050281524658,
    "width_beta_abs_1_sCFR": 3.1801976224407547,
    "cover_beta_abs_1_sCFR": true,
    "bias_lambda_1_sCFR": 0.18851184844970703,
    "width_lambda_1_sCFR": 5.379106268379833,
    "cover_lambda_1_sCFR": true,
    "bias_beta_abs_2_sCFR": -0.08450806140899658,
    "width_beta_abs_2_sCFR": 3.331149899191223,
    "cover_beta_abs_2_sCFR": true,
    "bias_lambda_2_sCFR": -0.04034155607223511,
    "width_lambda_2_sCFR": 3.6757785334251816,
    "cover_lambda_2_sCFR": true,
    "mae_rt_cCFR_cumulative": 0.008780711004531781,
    "mciw_rt_cCFR_cumulative": 0.0007551792853977492,
    "mcic_rt_cCFR_cumulative": 0.015,
    "mae_rt_aCFR_cumulative": 0.0064291182879139385,
    "mciw_rt_aCFR_cumulative": 0.0028346581455942843,
    "mcic_rt_aCFR_cumulative": 0.155,
    "mae_rt_its": 0.0002958947984182816,
    "mciw_rt_its": 0.0014769277456939155,
    "mcic_rt_its": 0.865,
    "mae_rcf_its": 0.0014799040153626317,
    "mciw_rcf_its": 0.0022833912084824996,
    "mcic_rcf_its": 0.54,
    "bias_beta_abs_1_its": -0.9697056591014338,
    "width_beta_abs_1_its": 0.12475858112522761,
    "cover_beta_abs_1_its": false,
    "bias_lambda_1_its": 1.37763247954556,
    "width_lambda_1_its": 0.0022558294704762005,
    "cover_lambda_1_its": false,
    "bias_beta_abs_2_its": -0.9952589015412724,
    "width_beta_abs_2_its": 0.10398278561109368,
    "cover_beta_abs_2_its": false,
    "bias_lambda_2_its": -0.21987779858098355,
    "width_lambda_2_its": 0.006081849182776655,
    "cover_lambda_2_its": false
}