{
    "scenario_id": "S05",
    "mc_run": 9,
    "error": "None",
    "mae_rt_sCFR": 0.00029647332848981023,
    "mciw_rt_sCFR": 0.0018658715837518683,
    "mcic_rt_sCFR": 1.0,
    "mae_rcf_sCFR": 0.001201395527459681,
    "mciw_rcf_sCFR": 0.00875741743389517,
    "mcic_rcf_sCFR": 1.0,
    "bias_beta_abs_1_sCFR": 0.47844552993774414,
    "width_beta_abs_1_sCFR": 4.238862359803168,
    "cover_beta_abs_1_sCFR": true,
    "bias_lambda_1_sCFR": 0.3606032133102417,
    "width_lambda_1_sCFR": 4.071256340760737,
    "cover_lambda_1_sCFR": true,
    "mae_rt_cCFR_cumulative": 0.008758843704531592,
    "mciw_rt_cCFR_cumulative": 0.0007653430981188482,
    "mcic_rt_cCFR_cumulative": 0.025,
    "mae_rt_aCFR_cumulative": 0.006582937987988562,
    "mciw_rt_aCFR_cumulative": 0.0030765682949352724,
    "mcic_rt_aCFR_cumulative": 0.135,
    "mae_rt_its": 0.0022869889116640175,
    "mciw_rt_its": 0.002119732320735211,
    "mcic_rt_its": 0.355,
    "mae_rcf_its": 0.00458061337060187,
    "mciw_rcf_its": 0.005334463562581712,
    "mcic_rcf_its": 0.315,
    "bias_beta_abs_1_its": -0.45496015492595543,
    "width_beta_abs_1_its": 0.3527902178339481,
    "cover_beta_abs_1_its": false,
    "bias_lambda_1_its": 1.0287052633856844,
    "width_lambda_1_its": 0.005106835319448777,
    "cover_lambda_1_its": false
}