{
    "scenario_id": "S10",
    "mc_run": 2,
    "error": "None",
    "mae_rt_sCFR": 0.00046403511078096926,
    "mciw_rt_sCFR": 0.002011652255896479,
    "mcic_rt_sCFR": 0.895,
    "mae_rcf_sCFR": 0.00046403511078096926,
    "mciw_rcf_sCFR": 0.002011652255896479,
    "mcic_rcf_sCFR": 0.895,
    "mae_rt_cCFR_cumulative": 0.016360725114758497,
    "mciw_rt_cCFR_cumulative": 0.0006984978364209892,
    "mcic_rt_cCFR_cumulative": 0.005,
    "mae_rt_aCFR_cumulative": 0.012951868449620051,
    "mciw_rt_aCFR_cumulative": 0.001444445728434051,
    "mcic_rt_aCFR_cumulative": 0.035,
    "mae_rt_its": 0.0017995332652306767,
    "mciw_rt_its": 0.001059894314500037,
    "mcic_rt_its": 0.2,
    "mae_rcf_its": 0.0017995332652306767,
    "mciw_rcf_its": 0.001059894314500037,
    "mcic_rcf_its": 0.2
}