{
    "scenario_id": "S03",
    "mc_run": 2,
    "error": "None",
    "mae_rt_sCFR": 0.00040319032268598676,
    "mciw_rt_sCFR": 0.0017547826943919063,
    "mcic_rt_sCFR": 1.0,
    "mae_rcf_sCFR": 0.0015649208799004555,
    "mciw_rcf_sCFR": 0.005325141103938221,
    "mcic_rcf_sCFR": 1.0,
    "bias_beta_abs_1_sCFR": -0.2779264450073242,
    "width_beta_abs_1_sCFR": 2.3868573328945777,
    "cover_beta_abs_1_sCFR": true,
    "bias_lambda_1_sCFR": -0.2229134440422058,
    "width_lambda_1_sCFR": 2.74412688286975,
    "cover_lambda_1_sCFR": true,
    "bias_beta_abs_2_sCFR": -0.13185477256774902,
    "width_beta_abs_2_sCFR": 3.196299406024626,
    "cover_beta_abs_2_sCFR": true,
    "bias_lambda_2_sCFR": -0.10918194055557251,
    "width_lambda_2_sCFR": 3.237301716441286,
    "cover_lambda_2_sCFR": true,
    "mae_rt_cCFR_cumulative": 0.004618825301620544,
    "mciw_rt_cCFR_cumulative": 0.0006761188227454435,
    "mcic_rt_cCFR_cumulative": 0.03,
    "mae_rt_aCFR_cumulative": 0.001860786630078358,
    "mciw_rt_aCFR_cumulative": 0.002751790933291182,
    "mcic_rt_aCFR_cumulative": 0.375,
    "mae_rt_its": 0.0004462245716542564,
    "mciw_rt_its": 0.001255746417857283,
    "mcic_rt_its": 0.77,
    "mae_rcf_its": 0.0027938494511832884,
    "mciw_rcf_its": 0.0016125692419647324,
    "mcic_rcf_its": 0.365,
    "bias_beta_abs_1_its": -1.0,
    "width_beta_abs_1_its": 0.02583346362989878,
    "cover_beta_abs_1_its": false,
    "bias_lambda_1_its": 1.2117868116248767,
    "width_lambda_1_its": 1.985608121879423e-05,
    "cover_lambda_1_its": false,
    "bias_beta_abs_2_its": -0.8399211810141012,
    "width_beta_abs_2_its": 0.18637425379921768,
    "cover_beta_abs_2_its": false,
    "bias_lambda_2_its": -0.06409118122388702,
    "width_lambda_2_its": 0.014392980705923542,
    "cover_lambda_2_its": false
}