{
    "scenario_id": "S06",
    "mc_run": 5,
    "error": "None",
    "mae_rt_sCFR": 0.0004563341208267957,
    "mciw_rt_sCFR": 0.001770410418102983,
    "mcic_rt_sCFR": 0.965,
    "mae_rcf_sCFR": 0.012161162681877613,
    "mciw_rcf_sCFR": 0.023030273464624766,
    "mcic_rcf_sCFR": 1.0,
    "bias_beta_abs_1_sCFR": 0.9686025381088257,
    "width_beta_abs_1_sCFR": 3.0560181338340033,
    "cover_beta_abs_1_sCFR": true,
    "bias_lambda_1_sCFR": 1.710754632949829,
    "width_lambda_1_sCFR": 4.508940285071731,
    "cover_lambda_1_sCFR": true,
    "bias_beta_abs_2_sCFR": 0.2538120746612549,
    "width_beta_abs_2_sCFR": 2.398845918849109,
    "cover_beta_abs_2_sCFR": true,
    "bias_lambda_2_sCFR": -0.20010119676589966,
    "width_lambda_2_sCFR": 2.473342776298522,
    "cover_lambda_2_sCFR": true,
    "mae_rt_cCFR_cumulative": 0.008645798807259868,
    "mciw_rt_cCFR_cumulative": 0.0007654156712019059,
    "mcic_rt_cCFR_cumulative": 0.02,
    "mae_rt_aCFR_cumulative": 0.006669609969190035,
    "mciw_rt_aCFR_cumulative": 0.0026583753665974717,
    "mcic_rt_aCFR_cumulative": 0.07,
    "mae_rt_its": 0.0005154906786703145,
    "mciw_rt_its": 0.0008407657129886732,
    "mcic_rt_its": 0.54,
    "mae_rcf_its": 0.0014808827872273731,
    "mciw_rcf_its": 0.0005790483978681702,
    "mcic_rcf_its": 0.085,
    "bias_beta_abs_1_its": -0.9577261413576719,
    "width_beta_abs_1_its": 0.03976880470454359,
    "cover_beta_abs_1_its": false,
    "bias_lambda_1_its": 1.2982264697292036,
    "width_lambda_1_its": 1.4870687468082622e-05,
    "cover_lambda_1_its": false,
    "bias_beta_abs_2_its": -0.9999461507094092,
    "width_beta_abs_2_its": 0.026397091717370775,
    "cover_beta_abs_2_its": false,
    "bias_lambda_2_its": -0.33560947088787974,
    "width_lambda_2_its": 1.8929765007613675e-05,
    "cover_lambda_2_its": false
}