{
    "scenario_id": "S12",
    "mc_run": 7,
    "error": "None",
    "mae_rt_sCFR": 0.0004356730787549168,
    "mciw_rt_sCFR": 0.0022968760596704667,
    "mcic_rt_sCFR": 1.0,
    "mae_rcf_sCFR": 0.01692001149058342,
    "mciw_rcf_sCFR": 0.055591661895625276,
    "mcic_rcf_sCFR": 1.0,
    "bias_beta_abs_1_sCFR": 1.2268877029418945,
    "width_beta_abs_1_sCFR": 5.225858438014981,
    "cover_beta_abs_1_sCFR": true,
    "bias_lambda_1_sCFR": 1.0079302787780762,
    "width_lambda_1_sCFR": 4.54813225492835,
    "cover_lambda_1_sCFR": true,
    "bias_beta_abs_2_sCFR": -0.16594308614730835,
    "width_beta_abs_2_sCFR": 2.945728829409927,
    "cover_beta_abs_2_sCFR": true,
    "bias_lambda_2_sCFR": -0.19279605150222778,
    "width_lambda_2_sCFR": 3.0794494986068455,
    "cover_lambda_2_sCFR": true,
    "mae_rt_cCFR_cumulative": 0.014939439070390761,
    "mciw_rt_cCFR_cumulative": 0.0006902970359910276,
    "mcic_rt_cCFR_cumulative": 0.01,
    "mae_rt_aCFR_cumulative": 0.011829245071812142,
    "mciw_rt_aCFR_cumulative": 0.0012159401487801542,
    "mcic_rt_aCFR_cumulative": 0.01,
    "mae_rt_its": 0.0007429782167583571,
    "mciw_rt_its": 0.0014604380606389915,
    "mcic_rt_its": 0.53,
    "mae_rcf_its": 0.00311619728103156,
    "mciw_rcf_its": 0.0019044832532249477,
    "mcic_rcf_its": 0.125,
    "bias_beta_abs_1_its": -1.0,
    "width_beta_abs_1_its": 0.04648896634116361,
    "cover_beta_abs_1_its": false,
    "bias_lambda_1_its": 0.9534991151813226,
    "width_lambda_1_its": 0.0006148377724826126,
    "cover_lambda_1_its": false,
    "bias_beta_abs_2_its": -1.0,
    "width_beta_abs_2_its": 8.489991592267003e-06,
    "cover_beta_abs_2_its": false,
    "bias_lambda_2_its": -0.999999,
    "width_lambda_2_its": 6.66992274440907e-07,
    "cover_lambda_2_its": false
}