{
    "scenario_id": "S08",
    "mc_run": 5,
    "error": "None",
    "mae_rt_sCFR": 0.0003293623449280858,
    "mciw_rt_sCFR": 0.0017667727738735267,
    "mcic_rt_sCFR": 1.0,
    "mae_rcf_sCFR": 0.00044411688577383757,
    "mciw_rcf_sCFR": 0.005291194391204044,
    "mcic_rcf_sCFR": 1.0,
    "bias_beta_abs_1_sCFR": 0.06638455390930176,
    "width_beta_abs_1_sCFR": 3.292073273705318,
    "cover_beta_abs_1_sCFR": true,
    "bias_lambda_1_sCFR": 0.15858018398284912,
    "width_lambda_1_sCFR": 3.782067127618937,
    "cover_lambda_1_sCFR": true,
    "mae_rt_cCFR_cumulative": 0.011065899647146602,
    "mciw_rt_cCFR_cumulative": 0.000730631772794178,
    "mcic_rt_cCFR_cumulative": 0.01,
    "mae_rt_aCFR_cumulative": 0.008065400529078923,
    "mciw_rt_aCFR_cumulative": 0.0017707094421653047,
    "mcic_rt_aCFR_cumulative": 0.07,
    "mae_rt_its": 0.00041602431660992136,
    "mciw_rt_its": 0.0014764385251115973,
    "mcic_rt_its": 0.71,
    "mae_rcf_its": 0.0006631451315630816,
    "mciw_rcf_its": 0.0022818713912932513,
    "mcic_rcf_its": 0.77,
    "bias_beta_abs_1_its": -0.9102242546248225,
    "width_beta_abs_1_its": 0.223332004995159,
    "cover_beta_abs_1_its": false,
    "bias_lambda_1_its": 0.6065566393184159,
    "width_lambda_1_its": 0.016145280659918715,
    "cover_lambda_1_its": false
}