{
    "scenario_id": "S11",
    "mc_run": 3,
    "error": "None",
    "mae_rt_sCFR": 0.0002269101532874629,
    "mciw_rt_sCFR": 0.002082151284266729,
    "mcic_rt_sCFR": 1.0,
    "mae_rcf_sCFR": 0.0007632282213307917,
    "mciw_rcf_sCFR": 0.0052870681440690525,
    "mcic_rcf_sCFR": 1.0,
    "bias_beta_abs_1_sCFR": -0.08780288696289062,
    "width_beta_abs_1_sCFR": 3.015111320489083,
    "cover_beta_abs_1_sCFR": true,
    "bias_lambda_1_sCFR": -0.17242300510406494,
    "width_lambda_1_sCFR": 2.9325422334484754,
    "cover_lambda_1_sCFR": true,
    "mae_rt_cCFR_cumulative": 0.01657495151797744,
    "mciw_rt_cCFR_cumulative": 0.0007084713972106663,
    "mcic_rt_cCFR_cumulative": 0.005,
    "mae_rt_aCFR_cumulative": 0.013119923087842716,
    "mciw_rt_aCFR_cumulative": 0.0013698659145687745,
    "mcic_rt_aCFR_cumulative": 0.08,
    "mae_rt_its": 0.0008439722604615216,
    "mciw_rt_its": 0.0022479128813686876,
    "mcic_rt_its": 0.625,
    "mae_rcf_its": 0.0013974075023361057,
    "mciw_rcf_its": 0.00492860835597834,
    "mcic_rcf_its": 0.675,
    "bias_beta_abs_1_its": -0.8186361918309816,
    "width_beta_abs_1_its": 0.25029861499941536,
    "cover_beta_abs_1_its": false,
    "bias_lambda_1_its": 0.5749547826131427,
    "width_lambda_1_its": 0.051917692924402736,
    "cover_lambda_1_its": false
}