{
    "scenario_id": "S06",
    "mc_run": 3,
    "error": "None",
    "mae_rt_sCFR": 0.0004892952856607735,
    "mciw_rt_sCFR": 0.0017992344844387843,
    "mcic_rt_sCFR": 0.88,
    "mae_rcf_sCFR": 0.001206577755510807,
    "mciw_rcf_sCFR": 0.004331793821475003,
    "mcic_rcf_sCFR": 0.91,
    "bias_beta_abs_1_sCFR": -0.26545190811157227,
    "width_beta_abs_1_sCFR": 2.61637743609026,
    "cover_beta_abs_1_sCFR": true,
    "bias_lambda_1_sCFR": -0.1804996132850647,
    "width_lambda_1_sCFR": 3.112757507292553,
    "cover_lambda_1_sCFR": true,
    "bias_beta_abs_2_sCFR": -0.12047266960144043,
    "width_beta_abs_2_sCFR": 3.152461201138794,
    "cover_beta_abs_2_sCFR": true,
    "bias_lambda_2_sCFR": -0.06373351812362671,
    "width_lambda_2_sCFR": 3.8320075156167146,
    "cover_lambda_2_sCFR": true,
    "mae_rt_cCFR_cumulative": 0.008740830522513449,
    "mciw_rt_cCFR_cumulative": 0.0007734669601246038,
    "mcic_rt_cCFR_cumulative": 0.02,
    "mae_rt_aCFR_cumulative": 0.007191362185592683,
    "mciw_rt_aCFR_cumulative": 0.003337692798377629,
    "mcic_rt_aCFR_cumulative": 0.135,
    "mae_rt_its": 0.00033416638076974174,
    "mciw_rt_its": 0.0012342829804184356,
    "mcic_rt_its": 0.87,
    "mae_rcf_its": 0.0011987018121707267,
    "mciw_rcf_its": 0.0015303448180685798,
    "mcic_rcf_its": 0.515,
    "bias_beta_abs_1_its": -0.9164108147098279,
    "width_beta_abs_1_its": 0.12048512261499507,
    "cover_beta_abs_1_its": false,
    "bias_lambda_1_its": 1.7816412928531884,
    "width_lambda_1_its": 0.00029503912947115296,
    "cover_lambda_1_its": false,
    "bias_beta_abs_2_its": -0.930687460407851,
    "width_beta_abs_2_its": 0.13017420074958747,
    "cover_beta_abs_2_its": false,
    "bias_lambda_2_its": 0.000392051646457503,
    "width_lambda_2_its": 0.0020150038421440364,
    "cover_lambda_2_its": true
}