{
    "scenario_id": "S10",
    "mc_run": 7,
    "error": "None",
    "mae_rt_sCFR": 0.0003098255256190896,
    "mciw_rt_sCFR": 0.002044273221399635,
    "mcic_rt_sCFR": 1.0,
    "mae_rcf_sCFR": 0.0003098255256190896,
    "mciw_rcf_sCFR": 0.002044273221399635,
    "mcic_rcf_sCFR": 1.0,
    "mae_rt_cCFR_cumulative": 0.01622537321954455,
    "mciw_rt_cCFR_cumulative": 0.0007058278742273416,
    "mcic_rt_cCFR_cumulative": 0.005,
    "mae_rt_aCFR_cumulative": 0.012631315654764464,
    "mciw_rt_aCFR_cumulative": 0.001399094115906105,
    "mcic_rt_aCFR_cumulative": 0.065,
    "mae_rt_its": 0.0003369575527225835,
    "mciw_rt_its": 0.0019868035875425924,
    "mcic_rt_its": 1.0,
    "mae_rcf_its": 0.0003369575527225835,
    "mciw_rcf_its": 0.0019868035875425924,
    "mcic_rcf_its": 1.0
}