{
    "scenario_id": "S01",
    "mc_run": 9,
    "error": "None",
    "mae_rt_sCFR": 0.0001979530934477225,
    "mciw_rt_sCFR": 0.0017755117712076754,
    "mcic_rt_sCFR": 1.0,
    "mae_rcf_sCFR": 0.0001979530934477225,
    "mciw_rcf_sCFR": 0.0017755117712076754,
    "mcic_rcf_sCFR": 1.0,
    "mae_rt_cCFR_cumulative": 0.00507406376258854,
    "mciw_rt_cCFR_cumulative": 0.0006707919285216146,
    "mcic_rt_cCFR_cumulative": 0.0,
    "mae_rt_aCFR_cumulative": 0.0004583341715117407,
    "mciw_rt_aCFR_cumulative": 0.0017905301184350142,
    "mcic_rt_aCFR_cumulative": 0.995,
    "mae_rt_its": 0.00018325148161717805,
    "mciw_rt_its": 0.0009007683486100863,
    "mcic_rt_its": 1.0,
    "mae_rcf_its": 0.00018325148161717805,
    "mciw_rcf_its": 0.0009007683486100863,
    "mcic_rcf_its": 1.0
}