{
    "scenario_id": "S08",
    "mc_run": 6,
    "error": "None",
    "mae_rt_sCFR": 0.00036064189043827355,
    "mciw_rt_sCFR": 0.001832749030087143,
    "mcic_rt_sCFR": 0.945,
    "mae_rcf_sCFR": 0.0009450385696254671,
    "mciw_rcf_sCFR": 0.006636070446809754,
    "mcic_rcf_sCFR": 1.0,
    "bias_beta_abs_1_sCFR": 0.24098145961761475,
    "width_beta_abs_1_sCFR": 3.2120932182297097,
    "cover_beta_abs_1_sCFR": true,
    "bias_lambda_1_sCFR": 0.4778376817703247,
    "width_lambda_1_sCFR": 4.423692339006812,
    "cover_lambda_1_sCFR": true,
    "mae_rt_cCFR_cumulative": 0.01097666490464027,
    "mciw_rt_cCFR_cumulative": 0.0007278950806532442,
    "mcic_rt_cCFR_cumulative": 0.01,
    "mae_rt_aCFR_cumulative": 0.007941259798383851,
    "mciw_rt_aCFR_cumulative": 0.0018712830285820153,
    "mcic_rt_aCFR_cumulative": 0.06,
    "mae_rt_its": 0.0024821492043661103,
    "mciw_rt_its": 0.0018060766558357021,
    "mcic_rt_its": 0.11,
    "mae_rcf_its": 0.010216812649684472,
    "mciw_rcf_its": 0.006287388546221156,
    "mcic_rcf_its": 0.08,
    "bias_beta_abs_1_its": 0.021998187069625974,
    "width_beta_abs_1_its": 0.34053462313314786,
    "cover_beta_abs_1_its": true,
    "bias_lambda_1_its": 0.8700485628280092,
    "width_lambda_1_its": 0.007261770938740364,
    "cover_lambda_1_its": false
}