{
    "scenario_id": "S08",
    "mc_run": 3,
    "error": "None",
    "mae_rt_sCFR": 0.00035209290217608213,
    "mciw_rt_sCFR": 0.0017174169186037033,
    "mcic_rt_sCFR": 0.99,
    "mae_rcf_sCFR": 0.002245647367089987,
    "mciw_rcf_sCFR": 0.008241386698908173,
    "mcic_rcf_sCFR": 0.99,
    "bias_beta_abs_1_sCFR": 1.2407886981964111,
    "width_beta_abs_1_sCFR": 5.364753920957446,
    "cover_beta_abs_1_sCFR": true,
    "bias_lambda_1_sCFR": 0.0228348970413208,
    "width_lambda_1_sCFR": 3.4438291213475143,
    "cover_lambda_1_sCFR": true,
    "mae_rt_cCFR_cumulative": 0.011053340551062362,
    "mciw_rt_cCFR_cumulative": 0.0007392006250485614,
    "mcic_rt_cCFR_cumulative": 0.01,
    "mae_rt_aCFR_cumulative": 0.008338848338012066,
    "mciw_rt_aCFR_cumulative": 0.0027440597968179025,
    "mcic_rt_aCFR_cumulative": 0.06,
    "mae_rt_its": 0.0003733195733888098,
    "mciw_rt_its": 0.0015569957468988581,
    "mcic_rt_its": 0.82,
    "mae_rcf_its": 0.0008993264625722766,
    "mciw_rcf_its": 0.0019977972721508695,
    "mcic_rcf_its": 0.71,
    "bias_beta_abs_1_its": -0.9446573673494529,
    "width_beta_abs_1_its": 0.12791222425329746,
    "cover_beta_abs_1_its": false,
    "bias_lambda_1_its": 0.5974099586129058,
    "width_lambda_1_its": 0.012755819720788653,
    "cover_lambda_1_its": false
}