{
    "scenario_id": "S08",
    "mc_run": 10,
    "error": "None",
    "mae_rt_sCFR": 0.00038410365232266486,
    "mciw_rt_sCFR": 0.0017491021216847,
    "mcic_rt_sCFR": 1.0,
    "mae_rcf_sCFR": 0.0008871126337908208,
    "mciw_rcf_sCFR": 0.003422552370815538,
    "mcic_rcf_sCFR": 1.0,
    "bias_beta_abs_1_sCFR": -0.16752296686172485,
    "width_beta_abs_1_sCFR": 2.8712055133655667,
    "cover_beta_abs_1_sCFR": true,
    "bias_lambda_1_sCFR": -0.22466856241226196,
    "width_lambda_1_sCFR": 2.709581860527396,
    "cover_lambda_1_sCFR": true,
    "mae_rt_cCFR_cumulative": 0.01092122659009568,
    "mciw_rt_cCFR_cumulative": 0.0007369419600997064,
    "mcic_rt_cCFR_cumulative": 0.01,
    "mae_rt_aCFR_cumulative": 0.007787358128758168,
    "mciw_rt_aCFR_cumulative": 0.002573099552323532,
    "mcic_rt_aCFR_cumulative": 0.09,
    "mae_rt_its": 0.0024556055892904927,
    "mciw_rt_its": 0.0016989958473423539,
    "mcic_rt_its": 0.155,
    "mae_rcf_its": 0.009669752429200514,
    "mciw_rcf_its": 0.005317053119675952,
    "mcic_rcf_its": 0.08,
    "bias_beta_abs_1_its": 0.0245696588247859,
    "width_beta_abs_1_its": 0.29950999995407146,
    "cover_beta_abs_1_its": true,
    "bias_lambda_1_its": 0.8700510759546649,
    "width_lambda_1_its": 0.008468826117711492,
    "cover_lambda_1_its": false
}