{
    "scenario_id": "S12",
    "mc_run": 9,
    "error": "None",
    "mae_rt_sCFR": 0.00041587985469959676,
    "mciw_rt_sCFR": 0.0021266789091750975,
    "mcic_rt_sCFR": 0.985,
    "mae_rcf_sCFR": 0.0020904315169900656,
    "mciw_rcf_sCFR": 0.006926803355512674,
    "mcic_rcf_sCFR": 1.0,
    "bias_beta_abs_1_sCFR": -0.22839581966400146,
    "width_beta_abs_1_sCFR": 2.7095562389120462,
    "cover_beta_abs_1_sCFR": true,
    "bias_lambda_1_sCFR": -0.22354930639266968,
    "width_lambda_1_sCFR": 3.010515520442277,
    "cover_lambda_1_sCFR": true,
    "bias_beta_abs_2_sCFR": 0.08614277839660645,
    "width_beta_abs_2_sCFR": 3.721200729720293,
    "cover_beta_abs_2_sCFR": true,
    "bias_lambda_2_sCFR": 0.18969500064849854,
    "width_lambda_2_sCFR": 4.210806310269981,
    "cover_lambda_2_sCFR": true,
    "mae_rt_cCFR_cumulative": 0.014993532700762376,
    "mciw_rt_cCFR_cumulative": 0.0007047282199340857,
    "mcic_rt_cCFR_cumulative": 0.005,
    "mae_rt_aCFR_cumulative": 0.011858418617217693,
    "mciw_rt_aCFR_cumulative": 0.002229572469951108,
    "mcic_rt_aCFR_cumulative": 0.06,
    "mae_rt_its": 0.00032806831834060614,
    "mciw_rt_its": 0.0021052077820337516,
    "mcic_rt_its": 1.0,
    "mae_rcf_its": 0.0022670416090465224,
    "mciw_rcf_its": 0.004955009646681654,
    "mcic_rcf_its": 0.61,
    "bias_beta_abs_1_its": -0.9683886764366247,
    "width_beta_abs_1_its": 0.15503783085121725,
    "cover_beta_abs_1_its": false,
    "bias_lambda_1_its": 0.6725472611639347,
    "width_lambda_1_its": 0.07810445100895325,
    "cover_lambda_1_its": false,
    "bias_beta_abs_2_its": -0.9760866507180135,
    "width_beta_abs_2_its": 0.2144939543442344,
    "cover_beta_abs_2_its": false,
    "bias_lambda_2_its": -0.08658186832083636,
    "width_lambda_2_its": 0.18353765574273195,
    "cover_lambda_2_its": false
}