{
    "scenario_id": "S03",
    "mc_run": 1,
    "error": "None",
    "mae_rt_sCFR": 0.00020514088100753725,
    "mciw_rt_sCFR": 0.0017499638438457621,
    "mcic_rt_sCFR": 1.0,
    "mae_rcf_sCFR": 0.0009980835020542145,
    "mciw_rcf_sCFR": 0.005832338262931443,
    "mcic_rcf_sCFR": 1.0,
    "bias_beta_abs_1_sCFR": -0.12205857038497925,
    "width_beta_abs_1_sCFR": 4.0947072237730024,
    "cover_beta_abs_1_sCFR": true,
    "bias_lambda_1_sCFR": -0.16282778978347778,
    "width_lambda_1_sCFR": 3.1346726297866554,
    "cover_lambda_1_sCFR": true,
    "bias_beta_abs_2_sCFR": -0.1753639578819275,
    "width_beta_abs_2_sCFR": 3.087816464016213,
    "cover_beta_abs_2_sCFR": true,
    "bias_lambda_2_sCFR": -0.13572007417678833,
    "width_lambda_2_sCFR": 2.9333656142000093,
    "cover_lambda_2_sCFR": true,
    "mae_rt_cCFR_cumulative": 0.004666678978968288,
    "mciw_rt_cCFR_cumulative": 0.0006576919511472062,
    "mcic_rt_cCFR_cumulative": 0.035,
    "mae_rt_aCFR_cumulative": 0.0017440705739963321,
    "mciw_rt_aCFR_cumulative": 0.0015697984327428856,
    "mcic_rt_aCFR_cumulative": 0.35,
    "mae_rt_its": 0.0003176037107808683,
    "mciw_rt_its": 0.0011999063600310132,
    "mcic_rt_its": 0.91,
    "mae_rcf_its": 0.0010857441810205488,
    "mciw_rcf_its": 0.002100823500548212,
    "mcic_rcf_its": 0.57,
    "bias_beta_abs_1_its": -0.9260312808454321,
    "width_beta_abs_1_its": 0.14104056880823268,
    "cover_beta_abs_1_its": false,
    "bias_lambda_1_its": 1.3088381983998119,
    "width_lambda_1_its": 0.00037542145439628527,
    "cover_lambda_1_its": false,
    "bias_beta_abs_2_its": -0.998328647693389,
    "width_beta_abs_2_its": 0.05495723968171522,
    "cover_beta_abs_2_its": false,
    "bias_lambda_2_its": 0.1255307455320045,
    "width_lambda_2_its": 0.0004630322320942071,
    "cover_lambda_2_its": false
}