{
    "scenario_id": "S08",
    "mc_run": 1,
    "error": "None",
    "mae_rt_sCFR": 0.0013633962953463197,
    "mciw_rt_sCFR": 0.007488599239964968,
    "mcic_rt_sCFR": 0.96,
    "mae_rcf_sCFR": 0.0017684835474938154,
    "mciw_rcf_sCFR": 0.011384037867945151,
    "mcic_rcf_sCFR": 0.985,
    "bias_beta_abs_1_sCFR": -3.450423240661621,
    "width_beta_abs_1_sCFR": 7.7322531690024885,
    "cover_beta_abs_1_sCFR": true,
    "bias_lambda_1_sCFR": 0.6273918271064758,
    "width_lambda_1_sCFR": 3.4128897146787476,
    "cover_lambda_1_sCFR": true,
    "mae_rt_cCFR_cumulative": 0.011286152359420662,
    "mciw_rt_cCFR_cumulative": 0.000717228255930886,
    "mcic_rt_cCFR_cumulative": 0.02,
    "mae_rt_aCFR_cumulative": 0.00849639081961849,
    "mciw_rt_aCFR_cumulative": 0.0017589735238751237,
    "mcic_rt_aCFR_cumulative": 0.045,
    "mae_rt_its": 0.0026863026774040554,
    "mciw_rt_its": 0.002080084295640432,
    "mcic_rt_its": 0.24,
    "mae_rcf_its": 0.00942037782962848,
    "mciw_rcf_its": 0.007489300129180401,
    "mcic_rcf_its": 0.14,
    "bias_beta_abs_1_its": -3.857326066624961,
    "width_beta_abs_1_its": 0.47906704333703,
    "cover_beta_abs_1_its": false,
    "bias_lambda_1_its": 1.5819491151685325,
    "width_lambda_1_its": 0.01156892648391028,
    "cover_lambda_1_its": false
}