{
    "scenario_id": "S03",
    "mc_run": 4,
    "error": "None",
    "mae_rt_sCFR": 0.00025348993949592113,
    "mciw_rt_sCFR": 0.0017608987439889456,
    "mcic_rt_sCFR": 1.0,
    "mae_rcf_sCFR": 0.0005178370047360659,
    "mciw_rcf_sCFR": 0.006745284439646638,
    "mcic_rcf_sCFR": 1.0,
    "bias_beta_abs_1_sCFR": -0.13527828454971313,
    "width_beta_abs_1_sCFR": 2.94483100073412,
    "cover_beta_abs_1_sCFR": true,
    "bias_lambda_1_sCFR": -0.06846892833709717,
    "width_lambda_1_sCFR": 3.301118479575962,
    "cover_lambda_1_sCFR": true,
    "bias_beta_abs_2_sCFR": -0.30864399671554565,
    "width_beta_abs_2_sCFR": 2.4940770199988034,
    "cover_beta_abs_2_sCFR": true,
    "bias_lambda_2_sCFR": -0.11014705896377563,
    "width_lambda_2_sCFR": 3.2109031273052095,
    "cover_lambda_2_sCFR": true,
    "mae_rt_cCFR_cumulative": 0.0046499451289718765,
    "mciw_rt_cCFR_cumulative": 0.0006587753503536964,
    "mcic_rt_cCFR_cumulative": 0.035,
    "mae_rt_aCFR_cumulative": 0.0018289320604437317,
    "mciw_rt_aCFR_cumulative": 0.0015643430620128202,
    "mcic_rt_aCFR_cumulative": 0.34,
    "mae_rt_its": 0.0003274338587433819,
    "mciw_rt_its": 0.0012312825513230935,
    "mcic_rt_its": 0.795,
    "mae_rcf_its": 0.0009012386846772393,
    "mciw_rcf_its": 0.0023858515770146596,
    "mcic_rcf_its": 0.675,
    "bias_beta_abs_1_its": -0.909282531359884,
    "width_beta_abs_1_its": 0.16129422782710362,
    "cover_beta_abs_1_its": false,
    "bias_lambda_1_its": 1.508646505710228,
    "width_lambda_1_its": 0.00037799018613071667,
    "cover_lambda_1_its": false,
    "bias_beta_abs_2_its": -1.0,
    "width_beta_abs_2_its": 0.038134951679408315,
    "cover_beta_abs_2_its": false,
    "bias_lambda_2_its": 0.1848833573255546,
    "width_lambda_2_its": 0.0001906651410445992,
    "cover_lambda_2_its": false
}