{
    "scenario_id": "S04",
    "mc_run": 5,
    "error": "None",
    "mae_rt_sCFR": 0.00048339643399231136,
    "mciw_rt_sCFR": 0.0017739574223523957,
    "mcic_rt_sCFR": 0.83,
    "mae_rcf_sCFR": 0.00048339643399231136,
    "mciw_rcf_sCFR": 0.0017739574223523957,
    "mcic_rcf_sCFR": 0.83,
    "mae_rt_cCFR_cumulative": 0.007889655514358562,
    "mciw_rt_cCFR_cumulative": 0.0007501839309343173,
    "mcic_rt_cCFR_cumulative": 0.02,
    "mae_rt_aCFR_cumulative": 0.005792854620230628,
    "mciw_rt_aCFR_cumulative": 0.0017483421622371013,
    "mcic_rt_aCFR_cumulative": 0.125,
    "mae_rt_its": 0.00034761858240104607,
    "mciw_rt_its": 0.0012736918593237558,
    "mcic_rt_its": 0.835,
    "mae_rcf_its": 0.00034761858240104607,
    "mciw_rcf_its": 0.0012736918593237558,
    "mcic_rcf_its": 0.835
}