{
    "scenario_id": "S06",
    "mc_run": 2,
    "error": "None",
    "mae_rt_sCFR": 0.001251031644642353,
    "mciw_rt_sCFR": 0.009235646513407116,
    "mcic_rt_sCFR": 0.99,
    "mae_rcf_sCFR": 0.0016477667959406972,
    "mciw_rcf_sCFR": 0.019029085479443885,
    "mcic_rcf_sCFR": 0.995,
    "bias_beta_abs_1_sCFR": -3.26806902885437,
    "width_beta_abs_1_sCFR": 8.314414703333743,
    "cover_beta_abs_1_sCFR": true,
    "bias_lambda_1_sCFR": 0.6582488536834716,
    "width_lambda_1_sCFR": 3.1972904185764484,
    "cover_lambda_1_sCFR": true,
    "bias_beta_abs_2_sCFR": -1.6946406364440918,
    "width_beta_abs_2_sCFR": 4.881981496547811,
    "cover_beta_abs_2_sCFR": true,
    "bias_lambda_2_sCFR": 0.5166165351867675,
    "width_lambda_2_sCFR": 2.8567112168762825,
    "cover_lambda_2_sCFR": true,
    "mae_rt_cCFR_cumulative": 0.009526624187644963,
    "mciw_rt_cCFR_cumulative": 0.0007568654206007784,
    "mcic_rt_cCFR_cumulative": 0.03,
    "mae_rt_aCFR_cumulative": 0.007777776358765762,
    "mciw_rt_aCFR_cumulative": 0.002824221261083781,
    "mcic_rt_aCFR_cumulative": 0.12,
    "mae_rt_its": 0.001282906587226565,
    "mciw_rt_its": 0.0014370828556066312,
    "mcic_rt_its": 0.39,
    "mae_rcf_its": 0.0024800883481951082,
    "mciw_rcf_its": 0.0029530418244523866,
    "mcic_rcf_its": 0.34,
    "bias_beta_abs_1_its": -4.883744167223583,
    "width_beta_abs_1_its": 0.2456091988163045,
    "cover_beta_abs_1_its": false,
    "bias_lambda_1_its": 2.6704006028997322,
    "width_lambda_1_its": 0.00701030185438567,
    "cover_lambda_1_its": false,
    "bias_beta_abs_2_its": -3.0,
    "width_beta_abs_2_its": 0.08752041882090532,
    "cover_beta_abs_2_its": false,
    "bias_lambda_2_its": 1.3476673626116968,
    "width_lambda_2_its": 0.0013551350265821327,
    "cover_lambda_2_its": false
}