{
    "scenario_id": "S04",
    "mc_run": 6,
    "error": "None",
    "mae_rt_sCFR": 0.0003598177863750607,
    "mciw_rt_sCFR": 0.0018128583825891837,
    "mcic_rt_sCFR": 0.975,
    "mae_rcf_sCFR": 0.0003598177863750607,
    "mciw_rcf_sCFR": 0.0018128583825891837,
    "mcic_rcf_sCFR": 0.975,
    "mae_rt_cCFR_cumulative": 0.007674408855293816,
    "mciw_rt_cCFR_cumulative": 0.0007623110618287121,
    "mcic_rt_cCFR_cumulative": 0.025,
    "mae_rt_aCFR_cumulative": 0.0058051166811534235,
    "mciw_rt_aCFR_cumulative": 0.002040632480986787,
    "mcic_rt_aCFR_cumulative": 0.055,
    "mae_rt_its": 0.0013174287657503553,
    "mciw_rt_its": 0.0014147218233272214,
    "mcic_rt_its": 0.325,
    "mae_rcf_its": 0.0013174287657503553,
    "mciw_rcf_its": 0.0014147218233272214,
    "mcic_rcf_its": 0.325
}