{
    "scenario_id": "S10",
    "mc_run": 1,
    "error": "None",
    "mae_rt_sCFR": 0.000321541097946465,
    "mciw_rt_sCFR": 0.0020530514491256323,
    "mcic_rt_sCFR": 1.0,
    "mae_rcf_sCFR": 0.000321541097946465,
    "mciw_rcf_sCFR": 0.0020530514491256323,
    "mcic_rcf_sCFR": 1.0,
    "mae_rt_cCFR_cumulative": 0.016269496029808574,
    "mciw_rt_cCFR_cumulative": 0.0007084981895288566,
    "mcic_rt_cCFR_cumulative": 0.005,
    "mae_rt_aCFR_cumulative": 0.012759212716442052,
    "mciw_rt_aCFR_cumulative": 0.0017056571284592864,
    "mcic_rt_aCFR_cumulative": 0.07,
    "mae_rt_its": 0.0005218330815824869,
    "mciw_rt_its": 0.001554590155231842,
    "mcic_rt_its": 0.69,
    "mae_rcf_its": 0.0005218330815824869,
    "mciw_rcf_its": 0.001554590155231842,
    "mcic_rcf_its": 0.69
}