{
    "scenario_id": "S06",
    "mc_run": 6,
    "error": "None",
    "mae_rt_sCFR": 0.000767923891544342,
    "mciw_rt_sCFR": 0.0006624275012873114,
    "mcic_rt_sCFR": 0.4,
    "mae_rcf_sCFR": 0.03315400704741478,
    "mciw_rcf_sCFR": 0.002875045684399083,
    "mcic_rcf_sCFR": 0.02,
    "bias_beta_abs_1_sCFR": 4.265063285827637,
    "width_beta_abs_1_sCFR": 0.7024270415306093,
    "cover_beta_abs_1_sCFR": false,
    "bias_lambda_1_sCFR": 0.8179928064346313,
    "width_lambda_1_sCFR": 0.34666919708251953,
    "cover_lambda_1_sCFR": false,
    "bias_beta_abs_2_sCFR": 0.3200821876525879,
    "width_beta_abs_2_sCFR": 0.23202759623527536,
    "cover_beta_abs_2_sCFR": false,
    "bias_lambda_2_sCFR": 4.199694633483887,
    "width_lambda_2_sCFR": 1.3957605361938477,
    "cover_lambda_2_sCFR": false,
    "mae_rt_cCFR_cumulative": 0.008706529382859712,
    "mciw_rt_cCFR_cumulative": 0.0007609613274651662,
    "mcic_rt_cCFR_cumulative": 0.02,
    "mae_rt_aCFR_cumulative": 0.006854200140640186,
    "mciw_rt_aCFR_cumulative": 0.002858360114356495,
    "mcic_rt_aCFR_cumulative": 0.12,
    "mae_rt_its": 0.00034223087142946674,
    "mciw_rt_its": 0.0013722858577369778,
    "mcic_rt_its": 0.9,
    "mae_rcf_its": 0.0021811082340551014,
    "mciw_rcf_its": 0.001733434444894944,
    "mcic_rcf_its": 0.39,
    "bias_beta_abs_1_its": -1.0,
    "width_beta_abs_1_its": 0.037802219603181794,
    "cover_beta_abs_1_its": false,
    "bias_lambda_1_its": 1.2863985533016264,
    "width_lambda_1_its": 7.110725979142529e-05,
    "cover_lambda_1_its": false,
    "bias_beta_abs_2_its": -0.7936339450657505,
    "width_beta_abs_2_its": 0.26016752425579287,
    "cover_beta_abs_2_its": false,
    "bias_lambda_2_its": -0.2238558019009773,
    "width_lambda_2_its": 0.044125204097052895,
    "cover_lambda_2_its": false
}