{
    "scenario_id": "S12",
    "mc_run": 1,
    "error": "None",
    "mae_rt_sCFR": 0.00036217874730937183,
    "mciw_rt_sCFR": 0.0021178130372427406,
    "mcic_rt_sCFR": 1.0,
    "mae_rcf_sCFR": 0.0008461270481348038,
    "mciw_rcf_sCFR": 0.012183293269772546,
    "mcic_rcf_sCFR": 1.0,
    "bias_beta_abs_1_sCFR": -0.06201350688934326,
    "width_beta_abs_1_sCFR": 3.393589022709056,
    "cover_beta_abs_1_sCFR": true,
    "bias_lambda_1_sCFR": -0.12929028272628784,
    "width_lambda_1_sCFR": 2.80755536193028,
    "cover_lambda_1_sCFR": true,
    "bias_beta_abs_2_sCFR": -0.11477065086364746,
    "width_beta_abs_2_sCFR": 3.0692180804908276,
    "cover_beta_abs_2_sCFR": true,
    "bias_lambda_2_sCFR": -0.0825226902961731,
    "width_lambda_2_sCFR": 3.091470528859645,
    "cover_lambda_2_sCFR": true,
    "mae_rt_cCFR_cumulative": 0.014885173178356604,
    "mciw_rt_cCFR_cumulative": 0.0007147857843916694,
    "mcic_rt_cCFR_cumulative": 0.01,
    "mae_rt_aCFR_cumulative": 0.011629239344021053,
    "mciw_rt_aCFR_cumulative": 0.0022186494311622327,
    "mcic_rt_aCFR_cumulative": 0.105,
    "mae_rt_its": 0.0003157635323098881,
    "mciw_rt_its": 0.0019268842498302247,
    "mcic_rt_its": 1.0,
    "mae_rcf_its": 0.002785628986436391,
    "mciw_rcf_its": 0.0028685677880379277,
    "mcic_rcf_its": 0.435,
    "bias_beta_abs_1_its": -0.9991770723703737,
    "width_beta_abs_1_its": 0.07465578126560345,
    "cover_beta_abs_1_its": false,
    "bias_lambda_1_its": 0.6494860922933736,
    "width_lambda_1_its": 0.04478205173996086,
    "cover_lambda_1_its": false,
    "bias_beta_abs_2_its": -0.9958353390236279,
    "width_beta_abs_2_its": 0.07673361070726635,
    "cover_beta_abs_2_its": false,
    "bias_lambda_2_its": -0.5316964470580499,
    "width_lambda_2_its": 0.33586260397615064,
    "cover_lambda_2_its": false
}