{
    "scenario_id": "S07",
    "mc_run": 9,
    "error": "None",
    "mae_rt_sCFR": 0.00039330043364316225,
    "mciw_rt_sCFR": 0.001791173284174874,
    "mcic_rt_sCFR": 0.885,
    "mae_rcf_sCFR": 0.00039330043364316225,
    "mciw_rcf_sCFR": 0.001791173284174874,
    "mcic_rcf_sCFR": 0.885,
    "mae_rt_cCFR_cumulative": 0.009888306478816255,
    "mciw_rt_cCFR_cumulative": 0.0007389351072266422,
    "mcic_rt_cCFR_cumulative": 0.01,
    "mae_rt_aCFR_cumulative": 0.006749048787832298,
    "mciw_rt_aCFR_cumulative": 0.0019093653598010432,
    "mcic_rt_aCFR_cumulative": 0.09,
    "mae_rt_its": 0.0012100729742422062,
    "mciw_rt_its": 0.0011612284606810654,
    "mcic_rt_its": 0.155,
    "mae_rcf_its": 0.0012100729742422062,
    "mciw_rcf_its": 0.0011612284606810654,
    "mcic_rcf_its": 0.155
}