{
    "scenario_id": "S09",
    "mc_run": 8,
    "error": "None",
    "mae_rt_sCFR": 0.00048025400610640645,
    "mciw_rt_sCFR": 0.0018057779777445832,
    "mcic_rt_sCFR": 0.81,
    "mae_rcf_sCFR": 0.000715413480065763,
    "mciw_rcf_sCFR": 0.0052764425102504895,
    "mcic_rcf_sCFR": 1.0,
    "bias_beta_abs_1_sCFR": -0.1661776900291443,
    "width_beta_abs_1_sCFR": 3.116209311271085,
    "cover_beta_abs_1_sCFR": true,
    "bias_lambda_1_sCFR": -0.001097261905670166,
    "width_lambda_1_sCFR": 3.2662900877650825,
    "cover_lambda_1_sCFR": true,
    "bias_beta_abs_2_sCFR": -0.06989216804504395,
    "width_beta_abs_2_sCFR": 2.9816190340090545,
    "cover_beta_abs_2_sCFR": true,
    "bias_lambda_2_sCFR": -0.17862963676452637,
    "width_lambda_2_sCFR": 3.02831911877729,
    "cover_lambda_2_sCFR": true,
    "mae_rt_cCFR_cumulative": 0.010797223044135001,
    "mciw_rt_cCFR_cumulative": 0.0007314426242347297,
    "mcic_rt_cCFR_cumulative": 0.01,
    "mae_rt_aCFR_cumulative": 0.008002456417580711,
    "mciw_rt_aCFR_cumulative": 0.0024124159267658154,
    "mcic_rt_aCFR_cumulative": 0.07,
    "mae_rt_its": 0.0003886712370223547,
    "mciw_rt_its": 0.0017929269496048332,
    "mcic_rt_its": 0.915,
    "mae_rcf_its": 0.0010958459087519541,
    "mciw_rcf_its": 0.0036149315497931082,
    "mcic_rcf_its": 0.755,
    "bias_beta_abs_1_its": -0.9477783050976393,
    "width_beta_abs_1_its": 0.19872522122199224,
    "cover_beta_abs_1_its": false,
    "bias_lambda_1_its": 1.585036589245103,
    "width_lambda_1_its": 0.010186723619871163,
    "cover_lambda_1_its": false,
    "bias_beta_abs_2_its": -1.0,
    "width_beta_abs_2_its": 0.2581365215511726,
    "cover_beta_abs_2_its": false,
    "bias_lambda_2_its": 0.19806939733301343,
    "width_lambda_2_its": 0.013677912581306018,
    "cover_lambda_2_its": false
}