{
    "scenario_id": "S05",
    "mc_run": 2,
    "error": "None",
    "mae_rt_sCFR": 0.00040652474854141474,
    "mciw_rt_sCFR": 0.0016460201597656122,
    "mcic_rt_sCFR": 0.875,
    "mae_rcf_sCFR": 0.0012904265895485878,
    "mciw_rcf_sCFR": 0.006378465477086138,
    "mcic_rcf_sCFR": 1.0,
    "bias_beta_abs_1_sCFR": 0.7188922166824341,
    "width_beta_abs_1_sCFR": 3.6445498406887054,
    "cover_beta_abs_1_sCFR": true,
    "bias_lambda_1_sCFR": 0.0870136022567749,
    "width_lambda_1_sCFR": 2.8280749045312397,
    "cover_lambda_1_sCFR": true,
    "mae_rt_cCFR_cumulative": 0.00874155667424648,
    "mciw_rt_cCFR_cumulative": 0.000761026801821206,
    "mcic_rt_cCFR_cumulative": 0.03,
    "mae_rt_aCFR_cumulative": 0.006613520069202449,
    "mciw_rt_aCFR_cumulative": 0.0020752799767236063,
    "mcic_rt_aCFR_cumulative": 0.115,
    "mae_rt_its": 0.001703578851130788,
    "mciw_rt_its": 0.0026528535187645337,
    "mcic_rt_its": 0.365,
    "mae_rcf_its": 0.0029334249412637163,
    "mciw_rcf_its": 0.00585172952212073,
    "mcic_rcf_its": 0.29,
    "bias_beta_abs_1_its": -0.5936601326468479,
    "width_beta_abs_1_its": 0.45144362447806297,
    "cover_beta_abs_1_its": false,
    "bias_lambda_1_its": 0.9244568653400518,
    "width_lambda_1_its": 0.013340071950221688,
    "cover_lambda_1_its": false
}