{
    "scenario_id": "S12",
    "mc_run": 10,
    "error": "None",
    "mae_rt_sCFR": 0.0005971899372525513,
    "mciw_rt_sCFR": 0.0020961124898167325,
    "mcic_rt_sCFR": 0.855,
    "mae_rcf_sCFR": 0.0011545988963916898,
    "mciw_rcf_sCFR": 0.01003742972621694,
    "mcic_rcf_sCFR": 1.0,
    "bias_beta_abs_1_sCFR": -0.08152806758880615,
    "width_beta_abs_1_sCFR": 2.9696523454040284,
    "cover_beta_abs_1_sCFR": true,
    "bias_lambda_1_sCFR": -0.13164281845092773,
    "width_lambda_1_sCFR": 3.02011522138491,
    "cover_lambda_1_sCFR": true,
    "bias_beta_abs_2_sCFR": -0.04931718111038208,
    "width_beta_abs_2_sCFR": 4.032023545447737,
    "cover_beta_abs_2_sCFR": true,
    "bias_lambda_2_sCFR": -0.16052186489105225,
    "width_lambda_2_sCFR": 3.0689232467673717,
    "cover_lambda_2_sCFR": true,
    "mae_rt_cCFR_cumulative": 0.014860257970316718,
    "mciw_rt_cCFR_cumulative": 0.0006996563528473471,
    "mcic_rt_cCFR_cumulative": 0.005,
    "mae_rt_aCFR_cumulative": 0.011589638317400367,
    "mciw_rt_aCFR_cumulative": 0.0013750531999969003,
    "mcic_rt_aCFR_cumulative": 0.055,
    "mae_rt_its": 0.0024989360460357206,
    "mciw_rt_its": 0.0027635308031517414,
    "mcic_rt_its": 0.255,
    "mae_rcf_its": 0.003811404884787177,
    "mciw_rcf_its": 0.0032829099788679052,
    "mcic_rcf_its": 0.215,
    "bias_beta_abs_1_its": -0.9915636836562327,
    "width_beta_abs_1_its": 0.05706276965080788,
    "cover_beta_abs_1_its": false,
    "bias_lambda_1_its": 0.018055842403449818,
    "width_lambda_1_its": 0.0014836083879206097,
    "cover_lambda_1_its": false,
    "bias_beta_abs_2_its": -1.0,
    "width_beta_abs_2_its": 5.9670354100686804e-05,
    "cover_beta_abs_2_its": false,
    "bias_lambda_2_its": -0.6400908146857712,
    "width_lambda_2_its": 0.0015169010691107876,
    "cover_lambda_2_its": false
}