{
    "scenario_id": "S01",
    "mc_run": 1,
    "error": "None",
    "mae_rt_sCFR": 0.0017826217226684093,
    "mciw_rt_sCFR": 0.0035327245277585457,
    "mcic_rt_sCFR": 0.59,
    "mae_rcf_sCFR": 0.0017826217226684093,
    "mciw_rcf_sCFR": 0.0035327245277585457,
    "mcic_rcf_sCFR": 0.59,
    "mae_rt_cCFR_cumulative": 0.005510055549254441,
    "mciw_rt_cCFR_cumulative": 0.0006708958566188544,
    "mcic_rt_cCFR_cumulative": 0.03,
    "mae_rt_aCFR_cumulative": 0.0022699721269612456,
    "mciw_rt_aCFR_cumulative": 0.0027268271326947547,
    "mcic_rt_aCFR_cumulative": 0.18,
    "mae_rt_its": 0.0017592408634899556,
    "mciw_rt_its": 0.0016230004211147825,
    "mcic_rt_its": 0.265,
    "mae_rcf_its": 0.0017592408634899556,
    "mciw_rcf_its": 0.0016230004211147825,
    "mcic_rcf_its": 0.265
}