{
    "scenario_id": "S12",
    "mc_run": 2,
    "error": "None",
    "mae_rt_sCFR": 0.00032449408899992704,
    "mciw_rt_sCFR": 0.002262442868435755,
    "mcic_rt_sCFR": 1.0,
    "mae_rcf_sCFR": 0.007518758997321129,
    "mciw_rcf_sCFR": 0.03418766520358621,
    "mcic_rcf_sCFR": 1.0,
    "bias_beta_abs_1_sCFR": 0.7694119215011597,
    "width_beta_abs_1_sCFR": 4.558430303633211,
    "cover_beta_abs_1_sCFR": true,
    "bias_lambda_1_sCFR": 0.5489610433578491,
    "width_lambda_1_sCFR": 4.381308444961905,
    "cover_lambda_1_sCFR": true,
    "bias_beta_abs_2_sCFR": -0.15908509492874146,
    "width_beta_abs_2_sCFR": 3.013907848019151,
    "cover_beta_abs_2_sCFR": true,
    "bias_lambda_2_sCFR": -0.07358211278915405,
    "width_lambda_2_sCFR": 3.574608872830866,
    "cover_lambda_2_sCFR": true,
    "mae_rt_cCFR_cumulative": 0.0148707990354055,
    "mciw_rt_cCFR_cumulative": 0.0007076317847350558,
    "mcic_rt_cCFR_cumulative": 0.005,
    "mae_rt_aCFR_cumulative": 0.011612336161826647,
    "mciw_rt_aCFR_cumulative": 0.0021877747182045236,
    "mcic_rt_aCFR_cumulative": 0.07,
    "mae_rt_its": 0.00040219088447844824,
    "mciw_rt_its": 0.0013818146817357816,
    "mcic_rt_its": 0.78,
    "mae_rcf_its": 0.003363359280756694,
    "mciw_rcf_its": 0.0013378614715915571,
    "mcic_rcf_its": 0.165,
    "bias_beta_abs_1_its": -1.0,
    "width_beta_abs_1_its": 0.008716531425298863,
    "cover_beta_abs_1_its": false,
    "bias_lambda_1_its": 0.509757451521639,
    "width_lambda_1_its": 5.871855061267972e-05,
    "cover_lambda_1_its": false,
    "bias_beta_abs_2_its": -0.9986691470336122,
    "width_beta_abs_2_its": 0.08797584938697761,
    "cover_beta_abs_2_its": false,
    "bias_lambda_2_its": -0.9575733703591083,
    "width_lambda_2_its": 0.06090031749936641,
    "cover_lambda_2_its": false
}