{
    "scenario_id": "S01",
    "mc_run": 7,
    "error": "None",
    "mae_rt_sCFR": 0.0003675427578855306,
    "mciw_rt_sCFR": 0.0018237670490052552,
    "mcic_rt_sCFR": 1.0,
    "mae_rcf_sCFR": 0.0003675427578855306,
    "mciw_rcf_sCFR": 0.0018237670490052552,
    "mcic_rcf_sCFR": 1.0,
    "mae_rt_cCFR_cumulative": 0.005407021640723276,
    "mciw_rt_cCFR_cumulative": 0.0006644903478706245,
    "mcic_rt_cCFR_cumulative": 0.0,
    "mae_rt_aCFR_cumulative": 0.0006130779293423052,
    "mciw_rt_aCFR_cumulative": 0.00186425862896386,
    "mcic_rt_aCFR_cumulative": 0.7,
    "mae_rt_its": 0.0002182164511332406,
    "mciw_rt_its": 0.000929524133691711,
    "mcic_rt_its": 0.855,
    "mae_rcf_its": 0.0002182164511332406,
    "mciw_rcf_its": 0.000929524133691711,
    "mcic_rcf_its": 0.855
}