{
    "scenario_id": "S03",
    "mc_run": 10,
    "error": "None",
    "mae_rt_sCFR": 0.00028219743398949504,
    "mciw_rt_sCFR": 0.001882858854951337,
    "mcic_rt_sCFR": 1.0,
    "mae_rcf_sCFR": 0.0005306666134856641,
    "mciw_rcf_sCFR": 0.01093506156373769,
    "mcic_rcf_sCFR": 1.0,
    "bias_beta_abs_1_sCFR": 0.03485238552093506,
    "width_beta_abs_1_sCFR": 3.3229316434822973,
    "cover_beta_abs_1_sCFR": true,
    "bias_lambda_1_sCFR": -0.048701465129852295,
    "width_lambda_1_sCFR": 3.0648788686841706,
    "cover_lambda_1_sCFR": true,
    "bias_beta_abs_2_sCFR": 0.15692150592803955,
    "width_beta_abs_2_sCFR": 3.91590127153322,
    "cover_beta_abs_2_sCFR": true,
    "bias_lambda_2_sCFR": 0.27048683166503906,
    "width_lambda_2_sCFR": 4.397056796588004,
    "cover_lambda_2_sCFR": true,
    "mae_rt_cCFR_cumulative": 0.0045919705172493734,
    "mciw_rt_cCFR_cumulative": 0.0006689786547468146,
    "mcic_rt_cCFR_cumulative": 0.035,
    "mae_rt_aCFR_cumulative": 0.0016341782412823461,
    "mciw_rt_aCFR_cumulative": 0.0023846375339556807,
    "mcic_rt_aCFR_cumulative": 0.36,
    "mae_rt_its": 0.0004755228751890433,
    "mciw_rt_its": 0.001331021066239669,
    "mcic_rt_its": 0.71,
    "mae_rcf_its": 0.001774568067878342,
    "mciw_rcf_its": 0.0019477147943230766,
    "mcic_rcf_its": 0.455,
    "bias_beta_abs_1_its": -0.9761142567212857,
    "width_beta_abs_1_its": 0.10516644428778003,
    "cover_beta_abs_1_its": false,
    "bias_lambda_1_its": 1.3411573471487426,
    "width_lambda_1_its": 0.0002966350917845695,
    "cover_lambda_1_its": false,
    "bias_beta_abs_2_its": -1.0,
    "width_beta_abs_2_its": 0.04745560176764847,
    "cover_beta_abs_2_its": false,
    "bias_lambda_2_its": 0.28082672915595563,
    "width_lambda_2_its": 0.00022143924512652013,
    "cover_lambda_2_its": false
}