{
    "scenario_id": "S03",
    "mc_run": 3,
    "error": "None",
    "mae_rt_sCFR": 0.00044724243343807757,
    "mciw_rt_sCFR": 0.0018582810839870944,
    "mcic_rt_sCFR": 0.9,
    "mae_rcf_sCFR": 0.0006601113127544522,
    "mciw_rcf_sCFR": 0.01059463545808103,
    "mcic_rcf_sCFR": 1.0,
    "bias_beta_abs_1_sCFR": 0.03915870189666748,
    "width_beta_abs_1_sCFR": 3.3694118841085583,
    "cover_beta_abs_1_sCFR": true,
    "bias_lambda_1_sCFR": 0.013017892837524414,
    "width_lambda_1_sCFR": 3.641185719706116,
    "cover_lambda_1_sCFR": true,
    "bias_beta_abs_2_sCFR": -0.17839384078979492,
    "width_beta_abs_2_sCFR": 2.960137269087136,
    "cover_beta_abs_2_sCFR": true,
    "bias_lambda_2_sCFR": -0.1442326307296753,
    "width_lambda_2_sCFR": 3.5273649978917088,
    "cover_lambda_2_sCFR": true,
    "mae_rt_cCFR_cumulative": 0.0046205768437819214,
    "mciw_rt_cCFR_cumulative": 0.0006767380959463017,
    "mcic_rt_cCFR_cumulative": 0.03,
    "mae_rt_aCFR_cumulative": 0.0019034191606243308,
    "mciw_rt_aCFR_cumulative": 0.0026829586206011556,
    "mcic_rt_aCFR_cumulative": 0.355,
    "mae_rt_its": 0.00030923213706759403,
    "mciw_rt_its": 0.0011399766137377256,
    "mcic_rt_its": 0.795,
    "mae_rcf_its": 0.0016977295721312153,
    "mciw_rcf_its": 0.0014426847080410501,
    "mcic_rcf_its": 0.355,
    "bias_beta_abs_1_its": -0.9799636151732227,
    "width_beta_abs_1_its": 0.07041010719854505,
    "cover_beta_abs_1_its": false,
    "bias_lambda_1_its": 1.0035576438109315,
    "width_lambda_1_its": 0.00016408862716099648,
    "cover_lambda_1_its": false,
    "bias_beta_abs_2_its": -0.9807680721124223,
    "width_beta_abs_2_its": 0.05999721668286428,
    "cover_beta_abs_2_its": false,
    "bias_lambda_2_its": -0.317979775261771,
    "width_lambda_2_its": 0.0017149626492397596,
    "cover_lambda_2_its": false
}