{
    "scenario_id": "S02",
    "mc_run": 5,
    "error": "None",
    "mae_rt_sCFR": 0.0002958095574285835,
    "mciw_rt_sCFR": 0.0017827821251703423,
    "mcic_rt_sCFR": 1.0,
    "mae_rcf_sCFR": 0.0009252979652956128,
    "mciw_rcf_sCFR": 0.004069018881535157,
    "mcic_rcf_sCFR": 1.0,
    "bias_beta_abs_1_sCFR": -0.1385713815689087,
    "width_beta_abs_1_sCFR": 2.931184557965025,
    "cover_beta_abs_1_sCFR": true,
    "bias_lambda_1_sCFR": -0.1692144274711609,
    "width_lambda_1_sCFR": 3.1604191911406816,
    "cover_lambda_1_sCFR": true,
    "mae_rt_cCFR_cumulative": 0.005477581267751035,
    "mciw_rt_cCFR_cumulative": 0.0006639741359794487,
    "mcic_rt_cCFR_cumulative": 0.03,
    "mae_rt_aCFR_cumulative": 0.0017899800718766444,
    "mciw_rt_aCFR_cumulative": 0.0018558137084247798,
    "mcic_rt_aCFR_cumulative": 0.495,
    "mae_rt_its": 0.000211099165791867,
    "mciw_rt_its": 0.001279751166189302,
    "mcic_rt_its": 0.99,
    "mae_rcf_its": 0.0013684665390626734,
    "mciw_rcf_its": 0.0015906434844784973,
    "mcic_rcf_its": 0.58,
    "bias_beta_abs_1_its": -0.9624055543462408,
    "width_beta_abs_1_its": 0.08645185586569844,
    "cover_beta_abs_1_its": false,
    "bias_lambda_1_its": 0.6656640976991541,
    "width_lambda_1_its": 0.008284775616631546,
    "cover_lambda_1_its": false
}