{
    "scenario_id": "S07",
    "mc_run": 3,
    "error": "None",
    "mae_rt_sCFR": 0.0003824666782747954,
    "mciw_rt_sCFR": 0.0017704707563389094,
    "mcic_rt_sCFR": 0.93,
    "mae_rcf_sCFR": 0.0003824666782747954,
    "mciw_rcf_sCFR": 0.0017704707563389094,
    "mcic_rcf_sCFR": 0.93,
    "mae_rt_cCFR_cumulative": 0.009898064813748638,
    "mciw_rt_cCFR_cumulative": 0.0007452623674211457,
    "mcic_rt_cCFR_cumulative": 0.01,
    "mae_rt_aCFR_cumulative": 0.007118705862014704,
    "mciw_rt_aCFR_cumulative": 0.002855805747827163,
    "mcic_rt_aCFR_cumulative": 0.1,
    "mae_rt_its": 0.0003415558163008465,
    "mciw_rt_its": 0.0015973567304750093,
    "mcic_rt_its": 0.98,
    "mae_rcf_its": 0.0003415558163008465,
    "mciw_rcf_its": 0.0015973567304750093,
    "mcic_rcf_its": 0.98
}