{
    "scenario_id": "S02",
    "mc_run": 10,
    "error": "None",
    "mae_rt_sCFR": 0.0002643924963194877,
    "mciw_rt_sCFR": 0.0017579850098118183,
    "mcic_rt_sCFR": 1.0,
    "mae_rcf_sCFR": 0.0008163457969203591,
    "mciw_rcf_sCFR": 0.004127051567425951,
    "mcic_rcf_sCFR": 1.0,
    "bias_beta_abs_1_sCFR": -0.09260773658752441,
    "width_beta_abs_1_sCFR": 2.9272723048925395,
    "cover_beta_abs_1_sCFR": true,
    "bias_lambda_1_sCFR": -0.032418251037597656,
    "width_lambda_1_sCFR": 3.4595276752486823,
    "cover_lambda_1_sCFR": true,
    "mae_rt_cCFR_cumulative": 0.0053709893919625575,
    "mciw_rt_cCFR_cumulative": 0.0006604209959169459,
    "mcic_rt_cCFR_cumulative": 0.025,
    "mae_rt_aCFR_cumulative": 0.001944654616912656,
    "mciw_rt_aCFR_cumulative": 0.001562828445158818,
    "mcic_rt_aCFR_cumulative": 0.49,
    "mae_rt_its": 0.0003078399118561613,
    "mciw_rt_its": 0.0005546771833806058,
    "mcic_rt_its": 0.445,
    "mae_rcf_its": 0.001621913255831421,
    "mciw_rcf_its": 0.00042205934867128143,
    "mcic_rcf_its": 0.165,
    "bias_beta_abs_1_its": -0.9939681085482213,
    "width_beta_abs_1_its": 0.02092960062724229,
    "cover_beta_abs_1_its": false,
    "bias_lambda_1_its": 0.7901707950111245,
    "width_lambda_1_its": 3.871277194145151e-06,
    "cover_lambda_1_its": false
}