{
    "scenario_id": "S08",
    "mc_run": 7,
    "error": "None",
    "mae_rt_sCFR": 0.0003311678010504693,
    "mciw_rt_sCFR": 0.0017776342076249421,
    "mcic_rt_sCFR": 0.9,
    "mae_rcf_sCFR": 0.0008076898520812392,
    "mciw_rcf_sCFR": 0.0030828776222188024,
    "mcic_rcf_sCFR": 0.9,
    "bias_beta_abs_1_sCFR": -0.27563273906707764,
    "width_beta_abs_1_sCFR": 2.5166375378146757,
    "cover_beta_abs_1_sCFR": true,
    "bias_lambda_1_sCFR": -0.15450423955917358,
    "width_lambda_1_sCFR": 3.2238468893337995,
    "cover_lambda_1_sCFR": true,
    "mae_rt_cCFR_cumulative": 0.010877570649039478,
    "mciw_rt_cCFR_cumulative": 0.000734805987757873,
    "mcic_rt_cCFR_cumulative": 0.005,
    "mae_rt_aCFR_cumulative": 0.007819527188277792,
    "mciw_rt_aCFR_cumulative": 0.0018317057838676473,
    "mcic_rt_aCFR_cumulative": 0.075,
    "mae_rt_its": 0.00043515228932264045,
    "mciw_rt_its": 0.0019420104224932605,
    "mcic_rt_its": 0.895,
    "mae_rcf_its": 0.0010035979160884136,
    "mciw_rcf_its": 0.0033773483353629497,
    "mcic_rcf_its": 0.85,
    "bias_beta_abs_1_its": -0.9062558151192479,
    "width_beta_abs_1_its": 0.33164435956155697,
    "cover_beta_abs_1_its": false,
    "bias_lambda_1_its": 1.6280314777512697,
    "width_lambda_1_its": 0.042631033450745814,
    "cover_lambda_1_its": false
}