{
    "scenario_id": "S08",
    "mc_run": 8,
    "error": "None",
    "mae_rt_sCFR": 0.0004122019454371184,
    "mciw_rt_sCFR": 0.0018690374669386072,
    "mcic_rt_sCFR": 0.89,
    "mae_rcf_sCFR": 0.0008462354307994246,
    "mciw_rcf_sCFR": 0.006740174553939141,
    "mcic_rcf_sCFR": 1.0,
    "bias_beta_abs_1_sCFR": 0.13188183307647705,
    "width_beta_abs_1_sCFR": 3.613057352323084,
    "cover_beta_abs_1_sCFR": true,
    "bias_lambda_1_sCFR": 0.7040048837661743,
    "width_lambda_1_sCFR": 6.662720885686576,
    "cover_lambda_1_sCFR": true,
    "mae_rt_cCFR_cumulative": 0.010968971885083483,
    "mciw_rt_cCFR_cumulative": 0.0007336788689033946,
    "mcic_rt_cCFR_cumulative": 0.01,
    "mae_rt_aCFR_cumulative": 0.007940883092493732,
    "mciw_rt_aCFR_cumulative": 0.0018549768891904447,
    "mcic_rt_aCFR_cumulative": 0.07,
    "mae_rt_its": 0.0003708111273278291,
    "mciw_rt_its": 0.001738771111002715,
    "mcic_rt_its": 0.92,
    "mae_rcf_its": 0.0009917424246048412,
    "mciw_rcf_its": 0.0019197933184979788,
    "mcic_rcf_its": 0.755,
    "bias_beta_abs_1_its": -0.9868894280469072,
    "width_beta_abs_1_its": 0.09424270006990754,
    "cover_beta_abs_1_its": false,
    "bias_lambda_1_its": 0.5811453093104451,
    "width_lambda_1_its": 0.21049225612840972,
    "cover_lambda_1_its": false
}