{
    "scenario_id": "S05",
    "mc_run": 6,
    "error": "None",
    "mae_rt_sCFR": 0.0003555924049578607,
    "mciw_rt_sCFR": 0.001994561695726588,
    "mcic_rt_sCFR": 0.97,
    "mae_rcf_sCFR": 0.006750208791345358,
    "mciw_rcf_sCFR": 0.028127141312987068,
    "mcic_rcf_sCFR": 0.985,
    "bias_beta_abs_1_sCFR": 1.4104866981506348,
    "width_beta_abs_1_sCFR": 5.542988134920597,
    "cover_beta_abs_1_sCFR": true,
    "bias_lambda_1_sCFR": 1.0371899604797363,
    "width_lambda_1_sCFR": 4.8847399961203335,
    "cover_lambda_1_sCFR": true,
    "mae_rt_cCFR_cumulative": 0.008821278834587559,
    "mciw_rt_cCFR_cumulative": 0.0007626343833161453,
    "mcic_rt_cCFR_cumulative": 0.025,
    "mae_rt_aCFR_cumulative": 0.006322800989603263,
    "mciw_rt_aCFR_cumulative": 0.0027275651283508117,
    "mcic_rt_aCFR_cumulative": 0.14,
    "mae_rt_its": 0.00038274421057045926,
    "mciw_rt_its": 0.0015762331880662022,
    "mcic_rt_its": 0.975,
    "mae_rcf_its": 0.000799313294182685,
    "mciw_rcf_its": 0.002023094560496272,
    "mcic_rcf_its": 0.75,
    "bias_beta_abs_1_its": -0.9805183890311215,
    "width_beta_abs_1_its": 0.11596638160299845,
    "cover_beta_abs_1_its": false,
    "bias_lambda_1_its": 0.8259930093346228,
    "width_lambda_1_its": 0.0057251806602363065,
    "cover_lambda_1_its": false
}