{
    "scenario_id": "S11",
    "mc_run": 6,
    "error": "None",
    "mae_rt_sCFR": 0.0005237437435425818,
    "mciw_rt_sCFR": 0.0020400980035192333,
    "mcic_rt_sCFR": 0.835,
    "mae_rcf_sCFR": 0.0010715479729697108,
    "mciw_rcf_sCFR": 0.0043070865016779855,
    "mcic_rcf_sCFR": 0.925,
    "bias_beta_abs_1_sCFR": -0.16846269369125366,
    "width_beta_abs_1_sCFR": 2.9755801443941885,
    "cover_beta_abs_1_sCFR": true,
    "bias_lambda_1_sCFR": -0.21306723356246948,
    "width_lambda_1_sCFR": 2.8520276651252052,
    "cover_lambda_1_sCFR": true,
    "mae_rt_cCFR_cumulative": 0.016728751790205137,
    "mciw_rt_cCFR_cumulative": 0.0007082100918359329,
    "mcic_rt_cCFR_cumulative": 0.005,
    "mae_rt_aCFR_cumulative": 0.013306561676338044,
    "mciw_rt_aCFR_cumulative": 0.0016230112540086647,
    "mcic_rt_aCFR_cumulative": 0.065,
    "mae_rt_its": 0.0003787042725052793,
    "mciw_rt_its": 0.0019149039069536306,
    "mcic_rt_its": 0.855,
    "mae_rcf_its": 0.0015793523671594554,
    "mciw_rcf_its": 0.002647715242902812,
    "mcic_rcf_its": 0.585,
    "bias_beta_abs_1_its": -0.9876286987449696,
    "width_beta_abs_1_its": 0.10657064746552558,
    "cover_beta_abs_1_its": false,
    "bias_lambda_1_its": 0.2812140876350768,
    "width_lambda_1_its": 0.09411575682147699,
    "cover_lambda_1_its": false
}