{
    "scenario_id": "S11",
    "mc_run": 1,
    "error": "None",
    "mae_rt_sCFR": 0.0005285219522193074,
    "mciw_rt_sCFR": 0.002130133956379723,
    "mcic_rt_sCFR": 0.88,
    "mae_rcf_sCFR": 0.000614823424257338,
    "mciw_rcf_sCFR": 0.006223730790487025,
    "mcic_rcf_sCFR": 1.0,
    "bias_beta_abs_1_sCFR": 0.07670903205871582,
    "width_beta_abs_1_sCFR": 3.0947147764265535,
    "cover_beta_abs_1_sCFR": true,
    "bias_lambda_1_sCFR": 0.0982736349105835,
    "width_lambda_1_sCFR": 3.462338036112486,
    "cover_lambda_1_sCFR": true,
    "mae_rt_cCFR_cumulative": 0.016708389772587352,
    "mciw_rt_cCFR_cumulative": 0.0007020187607708711,
    "mcic_rt_cCFR_cumulative": 0.005,
    "mae_rt_aCFR_cumulative": 0.013361002122042139,
    "mciw_rt_aCFR_cumulative": 0.0013205989365977706,
    "mcic_rt_aCFR_cumulative": 0.06,
    "mae_rt_its": 0.0011290157915104116,
    "mciw_rt_its": 0.0016726878293546394,
    "mcic_rt_its": 0.455,
    "mae_rcf_its": 0.0021897241223924517,
    "mciw_rcf_its": 0.0029145287933269497,
    "mcic_rcf_its": 0.395,
    "bias_beta_abs_1_its": -0.785897324666105,
    "width_beta_abs_1_its": 0.1366268852015328,
    "cover_beta_abs_1_its": false,
    "bias_lambda_1_its": 0.44179019149957854,
    "width_lambda_1_its": 0.010346152325253932,
    "cover_lambda_1_its": false
}