{
    "scenario_id": "S06",
    "mc_run": 1,
    "error": "None",
    "mae_rt_sCFR": 0.0013979269424453378,
    "mciw_rt_sCFR": 0.009623826946073675,
    "mcic_rt_sCFR": 0.99,
    "mae_rcf_sCFR": 0.0025555468164384365,
    "mciw_rcf_sCFR": 0.012147415062587241,
    "mcic_rcf_sCFR": 0.97,
    "bias_beta_abs_1_sCFR": -3.820325255393982,
    "width_beta_abs_1_sCFR": 5.904370367016235,
    "cover_beta_abs_1_sCFR": true,
    "bias_lambda_1_sCFR": 0.6227850437164306,
    "width_lambda_1_sCFR": 3.580427799699828,
    "cover_lambda_1_sCFR": true,
    "bias_beta_abs_2_sCFR": -1.8107624053955078,
    "width_beta_abs_2_sCFR": 5.182505661909445,
    "cover_beta_abs_2_sCFR": true,
    "bias_lambda_2_sCFR": 0.4829692363739014,
    "width_lambda_2_sCFR": 3.1592652620514845,
    "cover_lambda_2_sCFR": true,
    "mae_rt_cCFR_cumulative": 0.009673179412398644,
    "mciw_rt_cCFR_cumulative": 0.0007564867564852498,
    "mcic_rt_cCFR_cumulative": 0.03,
    "mae_rt_aCFR_cumulative": 0.008000212313021303,
    "mciw_rt_aCFR_cumulative": 0.0017385565127995917,
    "mcic_rt_aCFR_cumulative": 0.11,
    "mae_rt_its": 0.0013870720969150598,
    "mciw_rt_its": 0.0007201429694937079,
    "mcic_rt_its": 0.19,
    "mae_rcf_its": 0.002683180124986463,
    "mciw_rcf_its": 0.0004442182365437426,
    "mcic_rcf_its": 0.055,
    "bias_beta_abs_1_its": -4.900346110578942,
    "width_beta_abs_1_its": 0.03416999397901503,
    "cover_beta_abs_1_its": false,
    "bias_lambda_1_its": 3.546601046932092,
    "width_lambda_1_its": 5.16888609247701e-06,
    "cover_lambda_1_its": false,
    "bias_beta_abs_2_its": -2.9999978672016514,
    "width_beta_abs_2_its": 0.033900922209559495,
    "cover_beta_abs_2_its": false,
    "bias_lambda_2_its": 0.6349092788944186,
    "width_lambda_2_its": 3.067677872947705e-06,
    "cover_lambda_2_its": false
}