{
    "scenario_id": "S07",
    "mc_run": 7,
    "error": "None",
    "mae_rt_sCFR": 0.00037772266659885645,
    "mciw_rt_sCFR": 0.0018049061956116929,
    "mcic_rt_sCFR": 1.0,
    "mae_rcf_sCFR": 0.00037772266659885645,
    "mciw_rcf_sCFR": 0.0018049061956116929,
    "mcic_rcf_sCFR": 1.0,
    "mae_rt_cCFR_cumulative": 0.009865704944619587,
    "mciw_rt_cCFR_cumulative": 0.0007356059393914324,
    "mcic_rt_cCFR_cumulative": 0.01,
    "mae_rt_aCFR_cumulative": 0.006932268646032678,
    "mciw_rt_aCFR_cumulative": 0.0016262360421097392,
    "mcic_rt_aCFR_cumulative": 0.095,
    "mae_rt_its": 0.0004468525726918759,
    "mciw_rt_its": 0.001224745008594023,
    "mcic_rt_its": 0.66,
    "mae_rcf_its": 0.0004468525726918759,
    "mciw_rcf_its": 0.001224745008594023,
    "mcic_rcf_its": 0.66
}