{
    "scenario_id": "S09",
    "mc_run": 10,
    "error": "None",
    "mae_rt_sCFR": 0.000552426790818572,
    "mciw_rt_sCFR": 0.0017938218708732168,
    "mcic_rt_sCFR": 0.835,
    "mae_rcf_sCFR": 0.0004899462219327688,
    "mciw_rcf_sCFR": 0.006748882278508972,
    "mcic_rcf_sCFR": 0.92,
    "bias_beta_abs_1_sCFR": 0.010168313980102539,
    "width_beta_abs_1_sCFR": 2.929645360074937,
    "cover_beta_abs_1_sCFR": true,
    "bias_lambda_1_sCFR": -0.026953816413879395,
    "width_lambda_1_sCFR": 3.4446078406646845,
    "cover_lambda_1_sCFR": true,
    "bias_beta_abs_2_sCFR": -0.2607770562171936,
    "width_beta_abs_2_sCFR": 2.875268218712881,
    "cover_beta_abs_2_sCFR": true,
    "bias_lambda_2_sCFR": -0.16890817880630493,
    "width_lambda_2_sCFR": 2.9308105186559255,
    "cover_lambda_2_sCFR": true,
    "mae_rt_cCFR_cumulative": 0.010863022161601711,
    "mciw_rt_cCFR_cumulative": 0.0007460842582914135,
    "mcic_rt_cCFR_cumulative": 0.01,
    "mae_rt_aCFR_cumulative": 0.00816904075939882,
    "mciw_rt_aCFR_cumulative": 0.002592075389003894,
    "mcic_rt_aCFR_cumulative": 0.08,
    "mae_rt_its": 0.0006693729855800202,
    "mciw_rt_its": 0.0013031185353780939,
    "mcic_rt_its": 0.53,
    "mae_rcf_its": 0.0010471881516870326,
    "mciw_rcf_its": 0.0019249980603924931,
    "mcic_rcf_its": 0.595,
    "bias_beta_abs_1_its": -0.8830937753493889,
    "width_beta_abs_1_its": 0.13831089061085056,
    "cover_beta_abs_1_its": false,
    "bias_lambda_1_its": 2.8233919736674893,
    "width_lambda_1_its": 0.000229470784856467,
    "cover_lambda_1_its": false,
    "bias_beta_abs_2_its": -0.9983218854396939,
    "width_beta_abs_2_its": 0.06910781902024479,
    "cover_beta_abs_2_its": false,
    "bias_lambda_2_its": 0.3210304935012942,
    "width_lambda_2_its": 0.00035475525211348113,
    "cover_lambda_2_its": false
}