{
    "scenario_id": "S08",
    "mc_run": 4,
    "error": "None",
    "mae_rt_sCFR": 0.00035602026036940515,
    "mciw_rt_sCFR": 0.0018300919983303173,
    "mcic_rt_sCFR": 0.99,
    "mae_rcf_sCFR": 0.0005702623166143894,
    "mciw_rcf_sCFR": 0.0033794118262594564,
    "mcic_rcf_sCFR": 0.99,
    "bias_beta_abs_1_sCFR": -0.16047698259353638,
    "width_beta_abs_1_sCFR": 2.9806939263828096,
    "cover_beta_abs_1_sCFR": true,
    "bias_lambda_1_sCFR": -0.1495981216430664,
    "width_lambda_1_sCFR": 2.893299890216439,
    "cover_lambda_1_sCFR": true,
    "mae_rt_cCFR_cumulative": 0.011029697061558217,
    "mciw_rt_cCFR_cumulative": 0.0007406446563089808,
    "mcic_rt_cCFR_cumulative": 0.01,
    "mae_rt_aCFR_cumulative": 0.008095239982014613,
    "mciw_rt_aCFR_cumulative": 0.0018977186685807032,
    "mcic_rt_aCFR_cumulative": 0.08,
    "mae_rt_its": 0.0005154998245553001,
    "mciw_rt_its": 0.0012101093889726306,
    "mcic_rt_its": 0.595,
    "mae_rcf_its": 0.0009458224469713727,
    "mciw_rcf_its": 0.0015307988595061447,
    "mcic_rcf_its": 0.7,
    "bias_beta_abs_1_its": -0.9663661414321729,
    "width_beta_abs_1_its": 0.13201205689733822,
    "cover_beta_abs_1_its": false,
    "bias_lambda_1_its": 0.5622946977290393,
    "width_lambda_1_its": 0.0006948968319742121,
    "cover_lambda_1_its": false
}