{
    "scenario_id": "S03",
    "mc_run": 7,
    "error": "None",
    "mae_rt_sCFR": 0.0002580117725301534,
    "mciw_rt_sCFR": 0.001805101550417021,
    "mcic_rt_sCFR": 1.0,
    "mae_rcf_sCFR": 0.0010557016357779503,
    "mciw_rcf_sCFR": 0.009591559366788715,
    "mcic_rcf_sCFR": 1.0,
    "bias_beta_abs_1_sCFR": 0.17170429229736328,
    "width_beta_abs_1_sCFR": 3.52944122897461,
    "cover_beta_abs_1_sCFR": true,
    "bias_lambda_1_sCFR": 0.16393446922302246,
    "width_lambda_1_sCFR": 3.8044425984378885,
    "cover_lambda_1_sCFR": true,
    "bias_beta_abs_2_sCFR": -0.21601879596710205,
    "width_beta_abs_2_sCFR": 2.8195858024992018,
    "cover_beta_abs_2_sCFR": true,
    "bias_lambda_2_sCFR": -0.20984631776809692,
    "width_lambda_2_sCFR": 2.838449019286781,
    "cover_lambda_2_sCFR": true,
    "mae_rt_cCFR_cumulative": 0.004677186757119911,
    "mciw_rt_cCFR_cumulative": 0.0006627173511487,
    "mcic_rt_cCFR_cumulative": 0.035,
    "mae_rt_aCFR_cumulative": 0.001606209830729871,
    "mciw_rt_aCFR_cumulative": 0.002277920108325182,
    "mcic_rt_aCFR_cumulative": 0.365,
    "mae_rt_its": 0.0003126545266214954,
    "mciw_rt_its": 0.0011833720361182519,
    "mcic_rt_its": 0.87,
    "mae_rcf_its": 0.0016793709076685724,
    "mciw_rcf_its": 0.0016942496064603818,
    "mcic_rcf_its": 0.43,
    "bias_beta_abs_1_its": -0.9668526204713835,
    "width_beta_abs_1_its": 0.09617547298730612,
    "cover_beta_abs_1_its": false,
    "bias_lambda_1_its": 1.3875603748952297,
    "width_lambda_1_its": 0.0001501751932941886,
    "cover_lambda_1_its": false,
    "bias_beta_abs_2_its": -0.9667670440937475,
    "width_beta_abs_2_its": 0.10811786789981791,
    "cover_beta_abs_2_its": false,
    "bias_lambda_2_its": 0.18537489556573772,
    "width_lambda_2_its": 0.001025152270338836,
    "cover_lambda_2_its": false
}