{
    "scenario_id": "S11",
    "mc_run": 7,
    "error": "None",
    "mae_rt_sCFR": 0.000559989595785737,
    "mciw_rt_sCFR": 0.0021530987715814263,
    "mcic_rt_sCFR": 0.875,
    "mae_rcf_sCFR": 0.001357810222543776,
    "mciw_rcf_sCFR": 0.00399547638738295,
    "mcic_rcf_sCFR": 0.855,
    "bias_beta_abs_1_sCFR": -0.04358726739883423,
    "width_beta_abs_1_sCFR": 3.2447569017764177,
    "cover_beta_abs_1_sCFR": true,
    "bias_lambda_1_sCFR": -0.32278650999069214,
    "width_lambda_1_sCFR": 2.3876561800949268,
    "cover_lambda_1_sCFR": true,
    "mae_rt_cCFR_cumulative": 0.01665139828659866,
    "mciw_rt_cCFR_cumulative": 0.0007121283614045575,
    "mcic_rt_cCFR_cumulative": 0.005,
    "mae_rt_aCFR_cumulative": 0.013254792068072873,
    "mciw_rt_aCFR_cumulative": 0.002232005927294031,
    "mcic_rt_aCFR_cumulative": 0.08,
    "mae_rt_its": 0.0008522227693891145,
    "mciw_rt_its": 0.002160945879143557,
    "mcic_rt_its": 0.665,
    "mae_rcf_its": 0.00173073588964598,
    "mciw_rcf_its": 0.004802175004761573,
    "mcic_rcf_its": 0.785,
    "bias_beta_abs_1_its": -0.8481907645553343,
    "width_beta_abs_1_its": 0.26559915450411453,
    "cover_beta_abs_1_its": false,
    "bias_lambda_1_its": 0.5118985289683546,
    "width_lambda_1_its": 0.09593337278219405,
    "cover_lambda_1_its": false
}