{
    "scenario_id": "S02",
    "mc_run": 7,
    "error": "None",
    "mae_rt_sCFR": 0.0005136196850799024,
    "mciw_rt_sCFR": 0.0018089257268002258,
    "mcic_rt_sCFR": 0.8,
    "mae_rcf_sCFR": 0.0012337646912783384,
    "mciw_rcf_sCFR": 0.003957217569462955,
    "mcic_rcf_sCFR": 0.845,
    "bias_beta_abs_1_sCFR": -0.18027472496032715,
    "width_beta_abs_1_sCFR": 3.091725677810609,
    "cover_beta_abs_1_sCFR": true,
    "bias_lambda_1_sCFR": -0.14936518669128418,
    "width_lambda_1_sCFR": 3.3302243922371413,
    "cover_lambda_1_sCFR": true,
    "mae_rt_cCFR_cumulative": 0.0054329368896617524,
    "mciw_rt_cCFR_cumulative": 0.0006542381776266288,
    "mcic_rt_cCFR_cumulative": 0.03,
    "mae_rt_aCFR_cumulative": 0.0017486350820772503,
    "mciw_rt_aCFR_cumulative": 0.0016004426506813873,
    "mcic_rt_aCFR_cumulative": 0.5,
    "mae_rt_its": 0.0006004298774867802,
    "mciw_rt_its": 5.672078975497985e-09,
    "mcic_rt_its": 0.0,
    "mae_rcf_its": 0.0003172059283788798,
    "mciw_rcf_its": 3.839093978275088e-09,
    "mcic_rcf_its": 0.0,
    "bias_beta_abs_1_its": -0.8406496508522088,
    "width_beta_abs_1_its": 2.6232136379755744e-07,
    "cover_beta_abs_1_its": false,
    "bias_lambda_1_its": 0.9225449805973915,
    "width_lambda_1_its": 3.1458835536568586e-10,
    "cover_lambda_1_its": false
}