{
    "scenario_id": "S06",
    "mc_run": 10,
    "error": "None",
    "mae_rt_sCFR": 0.00044229041668586433,
    "mciw_rt_sCFR": 0.0017793068782775662,
    "mcic_rt_sCFR": 0.94,
    "mae_rcf_sCFR": 0.0006766606820747256,
    "mciw_rcf_sCFR": 0.005941522245062515,
    "mcic_rcf_sCFR": 1.0,
    "bias_beta_abs_1_sCFR": -0.09557682275772095,
    "width_beta_abs_1_sCFR": 3.1605117958970363,
    "cover_beta_abs_1_sCFR": true,
    "bias_lambda_1_sCFR": -0.1809403896331787,
    "width_lambda_1_sCFR": 2.9177094961516556,
    "cover_lambda_1_sCFR": true,
    "bias_beta_abs_2_sCFR": -0.16737061738967896,
    "width_beta_abs_2_sCFR": 3.12887958153151,
    "cover_beta_abs_2_sCFR": true,
    "bias_lambda_2_sCFR": -0.1769697070121765,
    "width_lambda_2_sCFR": 3.0799808030482376,
    "cover_lambda_2_sCFR": true,
    "mae_rt_cCFR_cumulative": 0.00866714373554505,
    "mciw_rt_cCFR_cumulative": 0.0007680057346408453,
    "mcic_rt_cCFR_cumulative": 0.025,
    "mae_rt_aCFR_cumulative": 0.0068535585998916095,
    "mciw_rt_aCFR_cumulative": 0.0031661990415452184,
    "mcic_rt_aCFR_cumulative": 0.125,
    "mae_rt_its": 0.0010690287276620242,
    "mciw_rt_its": 0.0015699244744247932,
    "mcic_rt_its": 0.495,
    "mae_rcf_its": 0.0010486751107482008,
    "mciw_rcf_its": 0.0024295913803083382,
    "mcic_rcf_its": 0.825,
    "bias_beta_abs_1_its": -0.8383377563723838,
    "width_beta_abs_1_its": 0.12860314769110964,
    "cover_beta_abs_1_its": false,
    "bias_lambda_1_its": 1.254851216537248,
    "width_lambda_1_its": 0.0011187125290827993,
    "cover_lambda_1_its": false,
    "bias_beta_abs_2_its": -1.0,
    "width_beta_abs_2_its": 4.605718993110544e-06,
    "cover_beta_abs_2_its": false,
    "bias_lambda_2_its": -0.2228129017981636,
    "width_lambda_2_its": 0.0003614840977345102,
    "cover_lambda_2_its": false
}