{
    "scenario_id": "S05",
    "mc_run": 3,
    "error": "None",
    "mae_rt_sCFR": 0.0002879350504372269,
    "mciw_rt_sCFR": 0.0017837501139729283,
    "mcic_rt_sCFR": 1.0,
    "mae_rcf_sCFR": 0.000494547828566283,
    "mciw_rcf_sCFR": 0.0053165413920651175,
    "mcic_rcf_sCFR": 1.0,
    "bias_beta_abs_1_sCFR": 0.08115935325622559,
    "width_beta_abs_1_sCFR": 3.2981974424794296,
    "cover_beta_abs_1_sCFR": true,
    "bias_lambda_1_sCFR": 0.1693112850189209,
    "width_lambda_1_sCFR": 3.5519515182822934,
    "cover_lambda_1_sCFR": true,
    "mae_rt_cCFR_cumulative": 0.008813061618680562,
    "mciw_rt_cCFR_cumulative": 0.0007550209839898623,
    "mcic_rt_cCFR_cumulative": 0.02,
    "mae_rt_aCFR_cumulative": 0.006260008195145534,
    "mciw_rt_aCFR_cumulative": 0.0020507790814029044,
    "mcic_rt_aCFR_cumulative": 0.13,
    "mae_rt_its": 0.0021126370538408603,
    "mciw_rt_its": 0.0024356477199353192,
    "mcic_rt_its": 0.325,
    "mae_rcf_its": 0.00406363522622733,
    "mciw_rcf_its": 0.005976676068649009,
    "mcic_rcf_its": 0.26,
    "bias_beta_abs_1_its": -0.5074473890073389,
    "width_beta_abs_1_its": 0.4529246630802045,
    "cover_beta_abs_1_its": false,
    "bias_lambda_1_its": 0.8651461960547784,
    "width_lambda_1_its": 0.012716827748307846,
    "cover_lambda_1_its": false
}