{
    "scenario_id": "S12",
    "mc_run": 4,
    "error": "None",
    "mae_rt_sCFR": 0.0005265922518447042,
    "mciw_rt_sCFR": 0.00155523428262677,
    "mcic_rt_sCFR": 0.875,
    "mae_rcf_sCFR": 0.009399881586432457,
    "mciw_rcf_sCFR": 0.015590693139703946,
    "mcic_rcf_sCFR": 0.955,
    "bias_beta_abs_1_sCFR": 1.3281474113464355,
    "width_beta_abs_1_sCFR": 3.710120889544487,
    "cover_beta_abs_1_sCFR": true,
    "bias_lambda_1_sCFR": 0.23324978351593018,
    "width_lambda_1_sCFR": 1.7888901799917216,
    "cover_lambda_1_sCFR": true,
    "bias_beta_abs_2_sCFR": 0.41714608669281006,
    "width_beta_abs_2_sCFR": 1.9591746902093292,
    "cover_beta_abs_2_sCFR": true,
    "bias_lambda_2_sCFR": -0.7876080721616745,
    "width_lambda_2_sCFR": 1.4508479818701743,
    "cover_lambda_2_sCFR": true,
    "mae_rt_cCFR_cumulative": 0.014938029123639302,
    "mciw_rt_cCFR_cumulative": 0.0007010491005329266,
    "mcic_rt_cCFR_cumulative": 0.005,
    "mae_rt_aCFR_cumulative": 0.011711154121320433,
    "mciw_rt_aCFR_cumulative": 0.0016642308067570388,
    "mcic_rt_aCFR_cumulative": 0.05,
    "mae_rt_its": 0.0019228778097844256,
    "mciw_rt_its": 0.0020000032921020415,
    "mcic_rt_its": 0.28,
    "mae_rcf_its": 0.004047998975336354,
    "mciw_rcf_its": 0.0023739945470263994,
    "mcic_rcf_its": 0.155,
    "bias_beta_abs_1_its": -0.9991867861549789,
    "width_beta_abs_1_its": 0.043335941375777655,
    "cover_beta_abs_1_its": false,
    "bias_lambda_1_its": 0.6411698990661261,
    "width_lambda_1_its": 0.00020138295201599377,
    "cover_lambda_1_its": false,
    "bias_beta_abs_2_its": -1.0,
    "width_beta_abs_2_its": 1.4121143410721228e-06,
    "cover_beta_abs_2_its": false,
    "bias_lambda_2_its": -0.999999,
    "width_lambda_2_its": 3.01830825508261e-07,
    "cover_lambda_2_its": false
}