{
    "scenario_id": "S08",
    "mc_run": 2,
    "error": "None",
    "mae_rt_sCFR": 0.0016138434875756502,
    "mciw_rt_sCFR": 0.008390806295676156,
    "mcic_rt_sCFR": 0.935,
    "mae_rcf_sCFR": 0.0017548666801303625,
    "mciw_rcf_sCFR": 0.014668205302325075,
    "mcic_rcf_sCFR": 0.96,
    "bias_beta_abs_1_sCFR": -2.600581169128418,
    "width_beta_abs_1_sCFR": 12.522327353231594,
    "cover_beta_abs_1_sCFR": true,
    "bias_lambda_1_sCFR": 0.7388600826263427,
    "width_lambda_1_sCFR": 3.3274160047061723,
    "cover_lambda_1_sCFR": true,
    "mae_rt_cCFR_cumulative": 0.011817201338739402,
    "mciw_rt_cCFR_cumulative": 0.0007347459443833845,
    "mcic_rt_cCFR_cumulative": 0.02,
    "mae_rt_aCFR_cumulative": 0.009558916488223972,
    "mciw_rt_aCFR_cumulative": 0.0015372275108380211,
    "mcic_rt_aCFR_cumulative": 0.045,
    "mae_rt_its": 0.0032195506195951827,
    "mciw_rt_its": 0.0022740937921973113,
    "mcic_rt_its": 0.185,
    "mae_rcf_its": 0.009077296910730271,
    "mciw_rcf_its": 0.007564254064370239,
    "mcic_rcf_its": 0.105,
    "bias_beta_abs_1_its": -3.8963617845353475,
    "width_beta_abs_1_its": 0.5048542399812068,
    "cover_beta_abs_1_its": false,
    "bias_lambda_1_its": 1.7173258683936898,
    "width_lambda_1_its": 0.009002369480082706,
    "cover_lambda_1_its": false
}