{
    "scenario_id": "S09",
    "mc_run": 4,
    "error": "None",
    "mae_rt_sCFR": 0.00045118783600628376,
    "mciw_rt_sCFR": 0.0017857832424924708,
    "mcic_rt_sCFR": 0.885,
    "mae_rcf_sCFR": 0.0004308038332965225,
    "mciw_rcf_sCFR": 0.006701592147815971,
    "mcic_rcf_sCFR": 0.885,
    "bias_beta_abs_1_sCFR": -0.017725586891174316,
    "width_beta_abs_1_sCFR": 3.2328126015141594,
    "cover_beta_abs_1_sCFR": true,
    "bias_lambda_1_sCFR": -0.07489359378814697,
    "width_lambda_1_sCFR": 2.934612085856497,
    "cover_lambda_1_sCFR": true,
    "bias_beta_abs_2_sCFR": -0.19671034812927246,
    "width_beta_abs_2_sCFR": 2.8262620015069837,
    "cover_beta_abs_2_sCFR": true,
    "bias_lambda_2_sCFR": -0.15032541751861572,
    "width_lambda_2_sCFR": 2.850894918665288,
    "cover_lambda_2_sCFR": true,
    "mae_rt_cCFR_cumulative": 0.010756510478121113,
    "mciw_rt_cCFR_cumulative": 0.0007315012580997163,
    "mcic_rt_cCFR_cumulative": 0.01,
    "mae_rt_aCFR_cumulative": 0.007955262449356544,
    "mciw_rt_aCFR_cumulative": 0.002559425536972584,
    "mcic_rt_aCFR_cumulative": 0.06,
    "mae_rt_its": 0.0005820384889079411,
    "mciw_rt_its": 0.0011923461523173009,
    "mcic_rt_its": 0.525,
    "mae_rcf_its": 0.0012709814824705718,
    "mciw_rcf_its": 0.0017155911861453487,
    "mcic_rcf_its": 0.33,
    "bias_beta_abs_1_its": -0.9595395452438987,
    "width_beta_abs_1_its": 0.12144432165095026,
    "cover_beta_abs_1_its": false,
    "bias_lambda_1_its": 1.733192964829902,
    "width_lambda_1_its": 0.00035411197845780507,
    "cover_lambda_1_its": false,
    "bias_beta_abs_2_its": -1.0,
    "width_beta_abs_2_its": 0.06920157925022438,
    "cover_beta_abs_2_its": false,
    "bias_lambda_2_its": 0.17586281661088687,
    "width_lambda_2_its": 0.00021913996841504968,
    "cover_lambda_2_its": false
}