{
    "scenario_id": "S09",
    "mc_run": 5,
    "error": "None",
    "mae_rt_sCFR": 0.0004733102105092257,
    "mciw_rt_sCFR": 0.0018267226122552526,
    "mcic_rt_sCFR": 0.805,
    "mae_rcf_sCFR": 0.0006897771963849664,
    "mciw_rcf_sCFR": 0.006364291830454021,
    "mcic_rcf_sCFR": 0.945,
    "bias_beta_abs_1_sCFR": 0.03345179557800293,
    "width_beta_abs_1_sCFR": 3.818452008720487,
    "cover_beta_abs_1_sCFR": true,
    "bias_lambda_1_sCFR": 0.011615157127380371,
    "width_lambda_1_sCFR": 3.5627881269901986,
    "cover_lambda_1_sCFR": true,
    "bias_beta_abs_2_sCFR": -0.1597185730934143,
    "width_beta_abs_2_sCFR": 3.081594148743897,
    "cover_beta_abs_2_sCFR": true,
    "bias_lambda_2_sCFR": -0.20784926414489746,
    "width_lambda_2_sCFR": 2.898422866500914,
    "cover_lambda_2_sCFR": true,
    "mae_rt_cCFR_cumulative": 0.010823713202708737,
    "mciw_rt_cCFR_cumulative": 0.0007409678880044235,
    "mcic_rt_cCFR_cumulative": 0.01,
    "mae_rt_aCFR_cumulative": 0.008088945408112964,
    "mciw_rt_aCFR_cumulative": 0.002348880529781959,
    "mcic_rt_aCFR_cumulative": 0.095,
    "mae_rt_its": 0.0005931467246344798,
    "mciw_rt_its": 0.0012869251931871223,
    "mcic_rt_its": 0.6,
    "mae_rcf_its": 0.0007274184121238597,
    "mciw_rcf_its": 0.002002599514479505,
    "mcic_rcf_its": 0.765,
    "bias_beta_abs_1_its": -0.8296930154915707,
    "width_beta_abs_1_its": 0.13617574757316092,
    "cover_beta_abs_1_its": false,
    "bias_lambda_1_its": 1.6817956391019822,
    "width_lambda_1_its": 0.0008352036755341352,
    "cover_lambda_1_its": false,
    "bias_beta_abs_2_its": -1.0,
    "width_beta_abs_2_its": 0.048490097098592706,
    "cover_beta_abs_2_its": false,
    "bias_lambda_2_its": 0.31007607654812874,
    "width_lambda_2_its": 0.00011489723722557521,
    "cover_lambda_2_its": false
}