{
    "scenario_id": "S09",
    "mc_run": 2,
    "error": "None",
    "mae_rt_sCFR": 0.0002100466372212395,
    "mciw_rt_sCFR": 0.0017882363074459135,
    "mcic_rt_sCFR": 1.0,
    "mae_rcf_sCFR": 0.001033562351949513,
    "mciw_rcf_sCFR": 0.004505173033452593,
    "mcic_rcf_sCFR": 1.0,
    "bias_beta_abs_1_sCFR": -0.22816252708435059,
    "width_beta_abs_1_sCFR": 2.6035289769060896,
    "cover_beta_abs_1_sCFR": true,
    "bias_lambda_1_sCFR": -0.23271256685256958,
    "width_lambda_1_sCFR": 2.7187765227630734,
    "cover_lambda_1_sCFR": true,
    "bias_beta_abs_2_sCFR": -0.15968602895736694,
    "width_beta_abs_2_sCFR": 3.07583392355591,
    "cover_beta_abs_2_sCFR": true,
    "bias_lambda_2_sCFR": -0.12803995609283447,
    "width_lambda_2_sCFR": 2.8791670468635853,
    "cover_lambda_2_sCFR": true,
    "mae_rt_cCFR_cumulative": 0.010700154688271409,
    "mciw_rt_cCFR_cumulative": 0.0007338666760383043,
    "mcic_rt_cCFR_cumulative": 0.01,
    "mae_rt_aCFR_cumulative": 0.007824484715113654,
    "mciw_rt_aCFR_cumulative": 0.0018003069602949334,
    "mcic_rt_aCFR_cumulative": 0.095,
    "mae_rt_its": 0.00031204933344421815,
    "mciw_rt_its": 0.0016525151534588101,
    "mcic_rt_its": 1.0,
    "mae_rcf_its": 0.0011452992309141006,
    "mciw_rcf_its": 0.0025588073793307293,
    "mcic_rcf_its": 0.545,
    "bias_beta_abs_1_its": -0.9399949076735609,
    "width_beta_abs_1_its": 0.1572095323172226,
    "cover_beta_abs_1_its": false,
    "bias_lambda_1_its": 1.73199988888108,
    "width_lambda_1_its": 0.0022474823891913687,
    "cover_lambda_1_its": false,
    "bias_beta_abs_2_its": -0.9968902811577632,
    "width_beta_abs_2_its": 0.06303700512765222,
    "cover_beta_abs_2_its": false,
    "bias_lambda_2_its": -0.3446529617983676,
    "width_lambda_2_its": 0.004903959324229379,
    "cover_lambda_2_its": false
}