{
    "scenario_id": "S02",
    "mc_run": 1,
    "error": "None",
    "mae_rt_sCFR": 0.0015022401930764318,
    "mciw_rt_sCFR": 0.008127318917890078,
    "mcic_rt_sCFR": 0.96,
    "mae_rcf_sCFR": 0.0016984102549031377,
    "mciw_rcf_sCFR": 0.021956640920194326,
    "mcic_rcf_sCFR": 0.99,
    "bias_beta_abs_1_sCFR": -2.264056921005249,
    "width_beta_abs_1_sCFR": 15.227773550848346,
    "cover_beta_abs_1_sCFR": true,
    "bias_lambda_1_sCFR": 0.7122667551040649,
    "width_lambda_1_sCFR": 3.3546009841375053,
    "cover_lambda_1_sCFR": true,
    "mae_rt_cCFR_cumulative": 0.005914164326087474,
    "mciw_rt_cCFR_cumulative": 0.0006782698160625591,
    "mcic_rt_cCFR_cumulative": 0.03,
    "mae_rt_aCFR_cumulative": 0.003180420709117462,
    "mciw_rt_aCFR_cumulative": 0.002538624905982821,
    "mcic_rt_aCFR_cumulative": 0.135,
    "mae_rt_its": 0.0014166432603488833,
    "mciw_rt_its": 0.001273807696830568,
    "mcic_rt_its": 0.305,
    "mae_rcf_its": 0.003261545347570588,
    "mciw_rcf_its": 0.0014584839774004616,
    "mcic_rcf_its": 0.16,
    "bias_beta_abs_1_its": -4.997847894597089,
    "width_beta_abs_1_its": 0.07106577139881615,
    "cover_beta_abs_1_its": false,
    "bias_lambda_1_its": 1.3560003669323704,
    "width_lambda_1_its": 0.003540905919539261,
    "cover_lambda_1_its": false
}