{
    "scenario_id": "S09",
    "mc_run": 1,
    "error": "None",
    "mae_rt_sCFR": 0.0003726778959389776,
    "mciw_rt_sCFR": 0.0017730944966897367,
    "mcic_rt_sCFR": 0.905,
    "mae_rcf_sCFR": 0.0013202487025409937,
    "mciw_rcf_sCFR": 0.005471257578348741,
    "mcic_rcf_sCFR": 0.905,
    "bias_beta_abs_1_sCFR": -0.21805983781814575,
    "width_beta_abs_1_sCFR": 3.004963979590684,
    "cover_beta_abs_1_sCFR": true,
    "bias_lambda_1_sCFR": -0.24218463897705078,
    "width_lambda_1_sCFR": 2.7387254637666048,
    "cover_lambda_1_sCFR": true,
    "bias_beta_abs_2_sCFR": 0.15165507793426514,
    "width_beta_abs_2_sCFR": 3.594747192319482,
    "cover_beta_abs_2_sCFR": true,
    "bias_lambda_2_sCFR": 0.24483847618103027,
    "width_lambda_2_sCFR": 4.194756708480417,
    "cover_lambda_2_sCFR": true,
    "mae_rt_cCFR_cumulative": 0.010757875195088244,
    "mciw_rt_cCFR_cumulative": 0.0007416532164411592,
    "mcic_rt_cCFR_cumulative": 0.01,
    "mae_rt_aCFR_cumulative": 0.008127821320178944,
    "mciw_rt_aCFR_cumulative": 0.0026132574630702045,
    "mcic_rt_aCFR_cumulative": 0.055,
    "mae_rt_its": 0.0004298189762332356,
    "mciw_rt_its": 0.001243648293832032,
    "mcic_rt_its": 0.655,
    "mae_rcf_its": 0.0014526026348494472,
    "mciw_rcf_its": 0.0015211720847566077,
    "mcic_rcf_its": 0.34,
    "bias_beta_abs_1_its": -0.9953653206148936,
    "width_beta_abs_1_its": 0.06681938102694233,
    "cover_beta_abs_1_its": false,
    "bias_lambda_1_its": 1.0797601327173885,
    "width_lambda_1_its": 0.00018286985209092776,
    "cover_lambda_1_its": false,
    "bias_beta_abs_2_its": -0.9905659335451777,
    "width_beta_abs_2_its": 0.05801855433354485,
    "cover_beta_abs_2_its": false,
    "bias_lambda_2_its": -0.33532358920751515,
    "width_lambda_2_its": 0.0017019365082353577,
    "cover_lambda_2_its": false
}