{
    "scenario_id": "S11",
    "mc_run": 10,
    "error": "None",
    "mae_rt_sCFR": 0.0004946132539771497,
    "mciw_rt_sCFR": 0.0021479035341762935,
    "mcic_rt_sCFR": 1.0,
    "mae_rcf_sCFR": 0.000611039693467319,
    "mciw_rcf_sCFR": 0.008775225506804415,
    "mcic_rcf_sCFR": 1.0,
    "bias_beta_abs_1_sCFR": 0.16478979587554932,
    "width_beta_abs_1_sCFR": 3.5730962920933953,
    "cover_beta_abs_1_sCFR": true,
    "bias_lambda_1_sCFR": 0.036521315574645996,
    "width_lambda_1_sCFR": 3.1588785078376524,
    "cover_lambda_1_sCFR": true,
    "mae_rt_cCFR_cumulative": 0.016605566425618553,
    "mciw_rt_cCFR_cumulative": 0.0007129283134319946,
    "mcic_rt_cCFR_cumulative": 0.005,
    "mae_rt_aCFR_cumulative": 0.01308736441095119,
    "mciw_rt_aCFR_cumulative": 0.0015954017442212723,
    "mcic_rt_aCFR_cumulative": 0.1,
    "mae_rt_its": 0.0007461772735780045,
    "mciw_rt_its": 0.0020077366268979337,
    "mcic_rt_its": 0.745,
    "mae_rcf_its": 0.0015913413967235778,
    "mciw_rcf_its": 0.003927041984628901,
    "mcic_rcf_its": 0.635,
    "bias_beta_abs_1_its": -0.8101587675023872,
    "width_beta_abs_1_its": 0.19980250937633875,
    "cover_beta_abs_1_its": false,
    "bias_lambda_1_its": 0.5542319379292424,
    "width_lambda_1_its": 0.1282506965704362,
    "cover_lambda_1_its": false
}