{
    "scenario_id": "S05",
    "mc_run": 1,
    "error": "None",
    "mae_rt_sCFR": 0.0002800941001623869,
    "mciw_rt_sCFR": 0.0018324957694276234,
    "mcic_rt_sCFR": 1.0,
    "mae_rcf_sCFR": 0.0005076441448181868,
    "mciw_rcf_sCFR": 0.0063541195386787866,
    "mcic_rcf_sCFR": 1.0,
    "bias_beta_abs_1_sCFR": 0.15556013584136963,
    "width_beta_abs_1_sCFR": 3.506656732875852,
    "cover_beta_abs_1_sCFR": true,
    "bias_lambda_1_sCFR": 0.22564613819122314,
    "width_lambda_1_sCFR": 3.924197184201325,
    "cover_lambda_1_sCFR": true,
    "mae_rt_cCFR_cumulative": 0.008644683093584776,
    "mciw_rt_cCFR_cumulative": 0.0007663262727842865,
    "mcic_rt_cCFR_cumulative": 0.025,
    "mae_rt_aCFR_cumulative": 0.006795501294055734,
    "mciw_rt_aCFR_cumulative": 0.0021787154296117905,
    "mcic_rt_aCFR_cumulative": 0.045,
    "mae_rt_its": 0.00019630508579760182,
    "mciw_rt_its": 0.0015514155290832358,
    "mcic_rt_its": 1.0,
    "mae_rcf_its": 0.0010804609818751399,
    "mciw_rcf_its": 0.001699219254573941,
    "mcic_rcf_its": 0.6,
    "bias_beta_abs_1_its": -0.9979018224560091,
    "width_beta_abs_1_its": 0.07867165440496557,
    "cover_beta_abs_1_its": false,
    "bias_lambda_1_its": 0.7708839473046667,
    "width_lambda_1_its": 0.022403894887256914,
    "cover_lambda_1_its": false
}