{
    "scenario_id": "S01",
    "mc_run": 2,
    "error": "None",
    "mae_rt_sCFR": 0.001700272667221725,
    "mciw_rt_sCFR": 0.02053875665564555,
    "mcic_rt_sCFR": 1.0,
    "mae_rcf_sCFR": 0.001700272667221725,
    "mciw_rcf_sCFR": 0.02053875665564555,
    "mcic_rcf_sCFR": 1.0,
    "mae_rt_cCFR_cumulative": 0.005598893564205885,
    "mciw_rt_cCFR_cumulative": 0.0006627601984114071,
    "mcic_rt_cCFR_cumulative": 0.035,
    "mae_rt_aCFR_cumulative": 0.001961857543961722,
    "mciw_rt_aCFR_cumulative": 0.0014889120007438356,
    "mcic_rt_aCFR_cumulative": 0.24,
    "mae_rt_its": 0.001757943459854695,
    "mciw_rt_its": 0.0010075092786996124,
    "mcic_rt_its": 0.175,
    "mae_rcf_its": 0.001757943459854695,
    "mciw_rcf_its": 0.0010075092786996124,
    "mcic_rcf_its": 0.175
}