{
    "scenario_id": "S01",
    "mc_run": 5,
    "error": "None",
    "mae_rt_sCFR": 0.0003197160258423537,
    "mciw_rt_sCFR": 0.001845343462890014,
    "mcic_rt_sCFR": 0.97,
    "mae_rcf_sCFR": 0.0003197160258423537,
    "mciw_rcf_sCFR": 0.001845343462890014,
    "mcic_rcf_sCFR": 0.97,
    "mae_rt_cCFR_cumulative": 0.005060247647596158,
    "mciw_rt_cCFR_cumulative": 0.0006706843827936989,
    "mcic_rt_cCFR_cumulative": 0.0,
    "mae_rt_aCFR_cumulative": 0.00043455445277222615,
    "mciw_rt_aCFR_cumulative": 0.002384884131639559,
    "mcic_rt_aCFR_cumulative": 1.0,
    "mae_rt_its": 0.00040328531553769864,
    "mciw_rt_its": 0.001480514549092265,
    "mcic_rt_its": 0.85,
    "mae_rcf_its": 0.00040328531553769864,
    "mciw_rcf_its": 0.001480514549092265,
    "mcic_rcf_its": 0.85
}