{
    "scenario_id": "S01",
    "mc_run": 1,
    "error": "None",
    "mae_rt_sCFR": 0.0003043108736164868,
    "mciw_rt_sCFR": 0.0019293982696253805,
    "mcic_rt_sCFR": 1.0,
    "mae_rcf_sCFR": 0.0003043108736164868,
    "mciw_rcf_sCFR": 0.0019293982696253805,
    "mcic_rcf_sCFR": 1.0,
    "mae_rt_cCFR_cumulative": 0.005275587000276728,
    "mciw_rt_cCFR_cumulative": 0.0006678283754903208,
    "mcic_rt_cCFR_cumulative": 0.0,
    "mae_rt_aCFR_cumulative": 0.0003765349713448726,
    "mciw_rt_aCFR_cumulative": 0.0024035847789661553,
    "mcic_rt_aCFR_cumulative": 1.0,
    "mae_rt_its": 0.0002596718278380549,
    "mciw_rt_its": 1.0282559738377523e-08,
    "mcic_rt_its": 0.0,
    "mae_rcf_its": 0.0002596718278380549,
    "mciw_rcf_its": 1.0282559738377523e-08,
    "mcic_rcf_its": 0.0
}