{
    "scenario_id": "S06",
    "mc_run": 4,
    "error": "None",
    "mae_rt_sCFR": 0.00026654015528038144,
    "mciw_rt_sCFR": 0.0018467432562028988,
    "mcic_rt_sCFR": 1.0,
    "mae_rcf_sCFR": 0.0002904387074522674,
    "mciw_rcf_sCFR": 0.008867266588145866,
    "mcic_rcf_sCFR": 1.0,
    "bias_beta_abs_1_sCFR": 0.023731350898742676,
    "width_beta_abs_1_sCFR": 3.0635420915670686,
    "cover_beta_abs_1_sCFR": true,
    "bias_lambda_1_sCFR": -0.04201751947402954,
    "width_lambda_1_sCFR": 2.991073097009211,
    "cover_lambda_1_sCFR": true,
    "bias_beta_abs_2_sCFR": -0.11179107427597046,
    "width_beta_abs_2_sCFR": 3.264824740216136,
    "cover_beta_abs_2_sCFR": true,
    "bias_lambda_2_sCFR": -0.07439947128295898,
    "width_lambda_2_sCFR": 3.536957263527438,
    "cover_lambda_2_sCFR": true,
    "mae_rt_cCFR_cumulative": 0.008675725052509542,
    "mciw_rt_cCFR_cumulative": 0.0007660864412826757,
    "mcic_rt_cCFR_cumulative": 0.02,
    "mae_rt_aCFR_cumulative": 0.006812926108442482,
    "mciw_rt_aCFR_cumulative": 0.0026452504601748184,
    "mcic_rt_aCFR_cumulative": 0.095,
    "mae_rt_its": 0.000356579986624838,
    "mciw_rt_its": 0.0013554744975497362,
    "mcic_rt_its": 0.79,
    "mae_rcf_its": 0.0011425857175210656,
    "mciw_rcf_its": 0.002101573828450188,
    "mcic_rcf_its": 0.58,
    "bias_beta_abs_1_its": -0.9670684281446988,
    "width_beta_abs_1_its": 0.10956591125312344,
    "cover_beta_abs_1_its": false,
    "bias_lambda_1_its": 1.3351051613490488,
    "width_lambda_1_its": 0.007364707808368287,
    "cover_lambda_1_its": false,
    "bias_beta_abs_2_its": -1.0,
    "width_beta_abs_2_its": 0.05230693425888343,
    "cover_beta_abs_2_its": false,
    "bias_lambda_2_its": -0.20574815698032556,
    "width_lambda_2_its": 0.011499270159011976,
    "cover_lambda_2_its": false
}