{
    "scenario_id": "S08",
    "mc_run": 9,
    "error": "None",
    "mae_rt_sCFR": 0.00036415248177945614,
    "mciw_rt_sCFR": 0.0017050773792434482,
    "mcic_rt_sCFR": 0.93,
    "mae_rcf_sCFR": 0.000986977363936603,
    "mciw_rcf_sCFR": 0.0024071327220881356,
    "mcic_rcf_sCFR": 0.715,
    "bias_beta_abs_1_sCFR": -0.1932286024093628,
    "width_beta_abs_1_sCFR": 3.2431035494431852,
    "cover_beta_abs_1_sCFR": true,
    "bias_lambda_1_sCFR": -0.3137897253036499,
    "width_lambda_1_sCFR": 2.6320529089774936,
    "cover_lambda_1_sCFR": true,
    "mae_rt_cCFR_cumulative": 0.010867529534690253,
    "mciw_rt_cCFR_cumulative": 0.0007235430998324291,
    "mcic_rt_cCFR_cumulative": 0.01,
    "mae_rt_aCFR_cumulative": 0.007978364631025912,
    "mciw_rt_aCFR_cumulative": 0.0015413701323923196,
    "mcic_rt_aCFR_cumulative": 0.055,
    "mae_rt_its": 0.0004672717032395718,
    "mciw_rt_its": 0.0012892291229097159,
    "mcic_rt_its": 0.65,
    "mae_rcf_its": 0.0010986641804844473,
    "mciw_rcf_its": 0.0017127089501296478,
    "mcic_rcf_its": 0.7,
    "bias_beta_abs_1_its": -0.968910443183599,
    "width_beta_abs_1_its": 0.13346577182713093,
    "cover_beta_abs_1_its": false,
    "bias_lambda_1_its": 0.579777898885296,
    "width_lambda_1_its": 0.0008191042850620445,
    "cover_lambda_1_its": false
}