{
    "scenario_id": "S03",
    "mc_run": 6,
    "error": "None",
    "mae_rt_sCFR": 0.0005560520221479237,
    "mciw_rt_sCFR": 0.0018058675973443316,
    "mcic_rt_sCFR": 0.905,
    "mae_rcf_sCFR": 0.0009781660046428442,
    "mciw_rcf_sCFR": 0.007619787666830234,
    "mcic_rcf_sCFR": 0.98,
    "bias_beta_abs_1_sCFR": -0.12345480918884277,
    "width_beta_abs_1_sCFR": 3.3472537893801926,
    "cover_beta_abs_1_sCFR": true,
    "bias_lambda_1_sCFR": -0.21704119443893433,
    "width_lambda_1_sCFR": 3.165681234980002,
    "cover_lambda_1_sCFR": true,
    "bias_beta_abs_2_sCFR": -0.23748797178268433,
    "width_beta_abs_2_sCFR": 2.9615582054946565,
    "cover_beta_abs_2_sCFR": true,
    "bias_lambda_2_sCFR": -0.17474472522735596,
    "width_lambda_2_sCFR": 3.2307821444235736,
    "cover_lambda_2_sCFR": true,
    "mae_rt_cCFR_cumulative": 0.0047431232884871995,
    "mciw_rt_cCFR_cumulative": 0.0006624665675430064,
    "mcic_rt_cCFR_cumulative": 0.03,
    "mae_rt_aCFR_cumulative": 0.0017486720166582665,
    "mciw_rt_aCFR_cumulative": 0.0024035774273149877,
    "mcic_rt_aCFR_cumulative": 0.325,
    "mae_rt_its": 0.00024825615250164025,
    "mciw_rt_its": 0.0011726693197736029,
    "mcic_rt_its": 0.95,
    "mae_rcf_its": 0.0015807266467928215,
    "mciw_rcf_its": 0.0018650916746384275,
    "mcic_rcf_its": 0.48,
    "bias_beta_abs_1_its": -0.9727954530982645,
    "width_beta_abs_1_its": 0.11003125518962562,
    "cover_beta_abs_1_its": false,
    "bias_lambda_1_its": 1.1784882815229123,
    "width_lambda_1_its": 0.00016416422877174597,
    "cover_lambda_1_its": false,
    "bias_beta_abs_2_its": -0.9995886212186929,
    "width_beta_abs_2_its": 0.05679767365499593,
    "cover_beta_abs_2_its": false,
    "bias_lambda_2_its": 0.0742230954607932,
    "width_lambda_2_its": 0.0002812756495751412,
    "cover_lambda_2_its": false
}