{
    "scenario_id": "S03",
    "mc_run": 1,
    "error": "None",
    "mae_rt_sCFR": 0.0013557974016293883,
    "mciw_rt_sCFR": 0.0041094298101961605,
    "mcic_rt_sCFR": 0.775,
    "mae_rcf_sCFR": 0.0027907979674637318,
    "mciw_rcf_sCFR": 0.007398566998424939,
    "mcic_rcf_sCFR": 0.775,
    "bias_beta_abs_1_sCFR": -1.3390071392059326,
    "width_beta_abs_1_sCFR": 12.362345339206513,
    "cover_beta_abs_1_sCFR": true,
    "bias_lambda_1_sCFR": 0.6035223126411438,
    "width_lambda_1_sCFR": 3.081040850467979,
    "cover_lambda_1_sCFR": true,
    "bias_beta_abs_2_sCFR": -2.106011927127838,
    "width_beta_abs_2_sCFR": 4.248712672421967,
    "cover_beta_abs_2_sCFR": true,
    "bias_lambda_2_sCFR": 0.44750596284866334,
    "width_lambda_2_sCFR": 3.1997969145886596,
    "cover_lambda_2_sCFR": true,
    "mae_rt_cCFR_cumulative": 0.005713320604606327,
    "mciw_rt_cCFR_cumulative": 0.0006651198198611255,
    "mcic_rt_cCFR_cumulative": 0.02,
    "mae_rt_aCFR_cumulative": 0.0032839609464233943,
    "mciw_rt_aCFR_cumulative": 0.0017260908238420785,
    "mcic_rt_aCFR_cumulative": 0.165,
    "mae_rt_its": 0.0013556991903124374,
    "mciw_rt_its": 0.0018923399236311083,
    "mcic_rt_its": 0.415,
    "mae_rcf_its": 0.0038575329203003905,
    "mciw_rcf_its": 0.004410259905245734,
    "mcic_rcf_its": 0.365,
    "bias_beta_abs_1_its": -4.997044941827011,
    "width_beta_abs_1_its": 0.23541409196704818,
    "cover_beta_abs_1_its": false,
    "bias_lambda_1_its": 1.8387764674250937,
    "width_lambda_1_its": 0.13338803175364689,
    "cover_lambda_1_its": false,
    "bias_beta_abs_2_its": -2.9935403987567653,
    "width_beta_abs_2_its": 0.3302131662949491,
    "cover_beta_abs_2_its": false,
    "bias_lambda_2_its": 0.6747846047217134,
    "width_lambda_2_its": 0.9298737593899027,
    "cover_lambda_2_its": true
}