{
    "scenario_id": "S06",
    "mc_run": 1,
    "error": "None",
    "mae_rt_sCFR": 0.0002047581219812855,
    "mciw_rt_sCFR": 0.0017496115412213836,
    "mcic_rt_sCFR": 1.0,
    "mae_rcf_sCFR": 0.0005668638623319566,
    "mciw_rcf_sCFR": 0.005076067070709542,
    "mcic_rcf_sCFR": 1.0,
    "bias_beta_abs_1_sCFR": -0.07163882255554199,
    "width_beta_abs_1_sCFR": 3.779578005056828,
    "cover_beta_abs_1_sCFR": true,
    "bias_lambda_1_sCFR": -0.12557393312454224,
    "width_lambda_1_sCFR": 3.0862786817364376,
    "cover_lambda_1_sCFR": true,
    "bias_beta_abs_2_sCFR": -0.2504540681838989,
    "width_beta_abs_2_sCFR": 2.5441866686567662,
    "cover_beta_abs_2_sCFR": true,
    "bias_lambda_2_sCFR": -0.18629807233810425,
    "width_lambda_2_sCFR": 2.8519397728610785,
    "cover_lambda_2_sCFR": true,
    "mae_rt_cCFR_cumulative": 0.00865284059752164,
    "mciw_rt_cCFR_cumulative": 0.0007678414268372909,
    "mcic_rt_cCFR_cumulative": 0.02,
    "mae_rt_aCFR_cumulative": 0.006766156942019442,
    "mciw_rt_aCFR_cumulative": 0.002959015956056358,
    "mcic_rt_aCFR_cumulative": 0.13,
    "mae_rt_its": 0.000211773048963156,
    "mciw_rt_its": 0.0017431953229110322,
    "mcic_rt_its": 0.995,
    "mae_rcf_its": 0.0012718683391714255,
    "mciw_rcf_its": 0.003471108494749452,
    "mcic_rcf_its": 0.685,
    "bias_beta_abs_1_its": -0.9748018856480247,
    "width_beta_abs_1_its": 0.18674068209815875,
    "cover_beta_abs_1_its": false,
    "bias_lambda_1_its": 1.6561810840192526,
    "width_lambda_1_its": 0.037209308933373375,
    "cover_lambda_1_its": false,
    "bias_beta_abs_2_its": -0.9966498095007794,
    "width_beta_abs_2_its": 0.30161911181724277,
    "cover_beta_abs_2_its": false,
    "bias_lambda_2_its": -0.1606333082015866,
    "width_lambda_2_its": 0.30509954926544025,
    "cover_lambda_2_its": false
}