{
    "scenario_id": "S06",
    "mc_run": 7,
    "error": "None",
    "mae_rt_sCFR": 0.00035527118598110974,
    "mciw_rt_sCFR": 0.0017593121453537601,
    "mcic_rt_sCFR": 1.0,
    "mae_rcf_sCFR": 0.0010375508572906256,
    "mciw_rcf_sCFR": 0.004312870340363588,
    "mcic_rcf_sCFR": 1.0,
    "bias_beta_abs_1_sCFR": -0.3093549609184265,
    "width_beta_abs_1_sCFR": 2.3978618662338698,
    "cover_beta_abs_1_sCFR": true,
    "bias_lambda_1_sCFR": -0.1935080885887146,
    "width_lambda_1_sCFR": 2.9695868376642442,
    "cover_lambda_1_sCFR": true,
    "bias_beta_abs_2_sCFR": -0.2024102807044983,
    "width_beta_abs_2_sCFR": 2.8116331313736733,
    "cover_beta_abs_2_sCFR": true,
    "bias_lambda_2_sCFR": -0.07192295789718628,
    "width_lambda_2_sCFR": 3.1956314486451447,
    "cover_lambda_2_sCFR": true,
    "mae_rt_cCFR_cumulative": 0.008613056463835795,
    "mciw_rt_cCFR_cumulative": 0.0007586534561525689,
    "mcic_rt_cCFR_cumulative": 0.02,
    "mae_rt_aCFR_cumulative": 0.006488053218775148,
    "mciw_rt_aCFR_cumulative": 0.0020914871423177083,
    "mcic_rt_aCFR_cumulative": 0.105,
    "mae_rt_its": 0.0007356744471922844,
    "mciw_rt_its": 0.0003402989313209721,
    "mcic_rt_its": 0.03,
    "mae_rcf_its": 0.0015241376051088168,
    "mciw_rcf_its": 0.00026091549179851686,
    "mcic_rcf_its": 0.025,
    "bias_beta_abs_1_its": -0.9532924402918325,
    "width_beta_abs_1_its": 7.928167656914148e-05,
    "cover_beta_abs_1_its": false,
    "bias_lambda_1_its": 1.2562780318891233,
    "width_lambda_1_its": 2.0974613851976187e-05,
    "cover_lambda_1_its": false,
    "bias_beta_abs_2_its": -1.0,
    "width_beta_abs_2_its": 4.797540796133178e-07,
    "cover_beta_abs_2_its": false,
    "bias_lambda_2_its": -0.2145966597017427,
    "width_lambda_2_its": 0.0,
    "cover_lambda_2_its": false
}