{
    "scenario_id": "S01",
    "mc_run": 2,
    "error": "None",
    "mae_rt_sCFR": 0.00024643511278554797,
    "mciw_rt_sCFR": 0.001813803940778598,
    "mcic_rt_sCFR": 1.0,
    "mae_rcf_sCFR": 0.00024643511278554797,
    "mciw_rcf_sCFR": 0.001813803940778598,
    "mcic_rcf_sCFR": 1.0,
    "mae_rt_cCFR_cumulative": 0.005064033724105261,
    "mciw_rt_cCFR_cumulative": 0.0006697931566076013,
    "mcic_rt_cCFR_cumulative": 0.0,
    "mae_rt_aCFR_cumulative": 0.00036939929281622777,
    "mciw_rt_aCFR_cumulative": 0.0017427646463797917,
    "mcic_rt_aCFR_cumulative": 0.995,
    "mae_rt_its": 0.0004481526580358471,
    "mciw_rt_its": 0.001935593962636738,
    "mcic_rt_its": 0.905,
    "mae_rcf_its": 0.0004481526580358471,
    "mciw_rcf_its": 0.001935593962636738,
    "mcic_rcf_its": 0.905
}