{
    "scenario_id": "S01",
    "mc_run": 6,
    "error": "None",
    "mae_rt_sCFR": 0.00042227766243740916,
    "mciw_rt_sCFR": 0.0018230771425878627,
    "mcic_rt_sCFR": 0.965,
    "mae_rcf_sCFR": 0.00042227766243740916,
    "mciw_rcf_sCFR": 0.0018230771425878627,
    "mcic_rcf_sCFR": 0.965,
    "mae_rt_cCFR_cumulative": 0.005235599161439105,
    "mciw_rt_cCFR_cumulative": 0.0006604234369909295,
    "mcic_rt_cCFR_cumulative": 0.0,
    "mae_rt_aCFR_cumulative": 0.0004094744121347156,
    "mciw_rt_aCFR_cumulative": 0.0017164340416409502,
    "mcic_rt_aCFR_cumulative": 0.98,
    "mae_rt_its": 0.0010443336591185587,
    "mciw_rt_its": 0.0010623585433108796,
    "mcic_rt_its": 0.6,
    "mae_rcf_its": 0.0010443336591185587,
    "mciw_rcf_its": 0.0010623585433108796,
    "mcic_rcf_its": 0.6
}