{
    "scenario_id": "S05",
    "mc_run": 2,
    "error": "None",
    "mae_rt_sCFR": 0.0014973272336646914,
    "mciw_rt_sCFR": 0.010801996127265736,
    "mcic_rt_sCFR": 0.995,
    "mae_rcf_sCFR": 0.0018819981487467885,
    "mciw_rcf_sCFR": 0.012707876925938761,
    "mcic_rcf_sCFR": 0.985,
    "bias_beta_abs_1_sCFR": -3.5829774141311646,
    "width_beta_abs_1_sCFR": 5.910322132181908,
    "cover_beta_abs_1_sCFR": true,
    "bias_lambda_1_sCFR": 0.7283695459365844,
    "width_lambda_1_sCFR": 3.435874987579882,
    "cover_lambda_1_sCFR": true,
    "mae_rt_cCFR_cumulative": 0.009574859622274935,
    "mciw_rt_cCFR_cumulative": 0.0007605553295555534,
    "mcic_rt_cCFR_cumulative": 0.015,
    "mae_rt_aCFR_cumulative": 0.00734022569259699,
    "mciw_rt_aCFR_cumulative": 0.0020391839247623634,
    "mcic_rt_aCFR_cumulative": 0.14,
    "mae_rt_its": 0.0016835936680940466,
    "mciw_rt_its": 0.0014621419783762129,
    "mcic_rt_its": 0.245,
    "mae_rcf_its": 0.002244725447122256,
    "mciw_rcf_its": 0.0019870694157348625,
    "mcic_rcf_its": 0.245,
    "bias_beta_abs_1_its": -4.9329786713865476,
    "width_beta_abs_1_its": 0.16132009305847894,
    "cover_beta_abs_1_its": false,
    "bias_lambda_1_its": 1.2565869041334168,
    "width_lambda_1_its": 0.03634276168349415,
    "cover_lambda_1_its": false
}