{
    "scenario_id": "S11",
    "mc_run": 1,
    "error": "None",
    "mae_rt_sCFR": 0.0012781084515154362,
    "mciw_rt_sCFR": 0.012160930166137403,
    "mcic_rt_sCFR": 1.0,
    "mae_rcf_sCFR": 0.006175275892019272,
    "mciw_rcf_sCFR": 0.04868671733915106,
    "mcic_rcf_sCFR": 1.0,
    "bias_beta_abs_1_sCFR": 2.207747459411621,
    "width_beta_abs_1_sCFR": 45.98390357918103,
    "cover_beta_abs_1_sCFR": true,
    "bias_lambda_1_sCFR": 0.7980273485183715,
    "width_lambda_1_sCFR": 3.8614720704965273,
    "cover_lambda_1_sCFR": true,
    "mae_rt_cCFR_cumulative": 0.011345206199773812,
    "mciw_rt_cCFR_cumulative": 0.00055361992045674,
    "mcic_rt_cCFR_cumulative": 0.005,
    "mae_rt_aCFR_cumulative": 0.009514510459637979,
    "mciw_rt_aCFR_cumulative": 0.001221053861265621,
    "mcic_rt_aCFR_cumulative": 0.135,
    "mae_rt_its": 0.00155915982055778,
    "mciw_rt_its": 0.0017570612256239283,
    "mcic_rt_its": 0.365,
    "mae_rcf_its": 0.0021757445793827725,
    "mciw_rcf_its": 0.0032056445511017147,
    "mcic_rcf_its": 0.34,
    "bias_beta_abs_1_its": -4.780870076774319,
    "width_beta_abs_1_its": 0.2651561185906654,
    "cover_beta_abs_1_its": false,
    "bias_lambda_1_its": 1.5592804281486852,
    "width_lambda_1_its": 0.05640209532927254,
    "cover_lambda_1_its": false
}