{
    "scenario_id": "S11",
    "mc_run": 9,
    "error": "None",
    "mae_rt_sCFR": 0.0004947972483932972,
    "mciw_rt_sCFR": 0.00211099364166148,
    "mcic_rt_sCFR": 0.95,
    "mae_rcf_sCFR": 0.0005750696873292327,
    "mciw_rcf_sCFR": 0.0077176865012152105,
    "mcic_rcf_sCFR": 1.0,
    "bias_beta_abs_1_sCFR": 0.11161613464355469,
    "width_beta_abs_1_sCFR": 3.3526046031154686,
    "cover_beta_abs_1_sCFR": true,
    "bias_lambda_1_sCFR": 0.14989662170410156,
    "width_lambda_1_sCFR": 3.9831655243411648,
    "cover_lambda_1_sCFR": true,
    "mae_rt_cCFR_cumulative": 0.016595633605464438,
    "mciw_rt_cCFR_cumulative": 0.000710371433116649,
    "mcic_rt_cCFR_cumulative": 0.005,
    "mae_rt_aCFR_cumulative": 0.013104657698907517,
    "mciw_rt_aCFR_cumulative": 0.0015454865619365108,
    "mcic_rt_aCFR_cumulative": 0.07,
    "mae_rt_its": 0.0010209303919326426,
    "mciw_rt_its": 0.00046329687929586917,
    "mcic_rt_its": 0.185,
    "mae_rcf_its": 0.0022132021471884798,
    "mciw_rcf_its": 0.0003231744544422727,
    "mcic_rcf_its": 0.01,
    "bias_beta_abs_1_its": -0.9877750256590171,
    "width_beta_abs_1_its": 0.013351209401763712,
    "cover_beta_abs_1_its": false,
    "bias_lambda_1_its": 0.5577820678402856,
    "width_lambda_1_its": 3.5038435108880606e-06,
    "cover_lambda_1_its": false
}