{
    "scenario_id": "S04",
    "mc_run": 2,
    "error": "None",
    "mae_rt_sCFR": 0.000363232014933601,
    "mciw_rt_sCFR": 0.0017825234547490254,
    "mcic_rt_sCFR": 0.935,
    "mae_rcf_sCFR": 0.000363232014933601,
    "mciw_rcf_sCFR": 0.0017825234547490254,
    "mcic_rcf_sCFR": 0.935,
    "mae_rt_cCFR_cumulative": 0.007856931270493842,
    "mciw_rt_cCFR_cumulative": 0.0007626983107581873,
    "mcic_rt_cCFR_cumulative": 0.025,
    "mae_rt_aCFR_cumulative": 0.005596192281566119,
    "mciw_rt_aCFR_cumulative": 0.0029761474407302663,
    "mcic_rt_aCFR_cumulative": 0.14,
    "mae_rt_its": 0.0002057585934507118,
    "mciw_rt_its": 0.0009988072860914713,
    "mcic_rt_its": 1.0,
    "mae_rcf_its": 0.0002057585934507118,
    "mciw_rcf_its": 0.0009988072860914713,
    "mcic_rcf_its": 1.0
}