{
    "scenario_id": "S03",
    "mc_run": 9,
    "error": "None",
    "mae_rt_sCFR": 0.00039265412488020957,
    "mciw_rt_sCFR": 0.0018285528806736694,
    "mcic_rt_sCFR": 0.92,
    "mae_rcf_sCFR": 0.0009253468597307801,
    "mciw_rcf_sCFR": 0.006830048850039019,
    "mcic_rcf_sCFR": 0.92,
    "bias_beta_abs_1_sCFR": -0.16021943092346191,
    "width_beta_abs_1_sCFR": 2.8926324191037565,
    "cover_beta_abs_1_sCFR": true,
    "bias_lambda_1_sCFR": -0.08337050676345825,
    "width_lambda_1_sCFR": 3.140497097279876,
    "cover_lambda_1_sCFR": true,
    "bias_beta_abs_2_sCFR": -0.22099506855010986,
    "width_beta_abs_2_sCFR": 3.0585090250708142,
    "cover_beta_abs_2_sCFR": true,
    "bias_lambda_2_sCFR": -0.27215057611465454,
    "width_lambda_2_sCFR": 2.963483188231474,
    "cover_lambda_2_sCFR": true,
    "mae_rt_cCFR_cumulative": 0.004673445623142369,
    "mciw_rt_cCFR_cumulative": 0.0006595442704492635,
    "mcic_rt_cCFR_cumulative": 0.035,
    "mae_rt_aCFR_cumulative": 0.0016765949424624674,
    "mciw_rt_aCFR_cumulative": 0.001669901467698402,
    "mcic_rt_aCFR_cumulative": 0.325,
    "mae_rt_its": 0.0012414727106972105,
    "mciw_rt_its": 0.0018997070212514128,
    "mcic_rt_its": 0.4,
    "mae_rcf_its": 0.001911996188076825,
    "mciw_rcf_its": 0.003580695998400066,
    "mcic_rcf_its": 0.355,
    "bias_beta_abs_1_its": -0.7630141252428675,
    "width_beta_abs_1_its": 0.17369076220181046,
    "cover_beta_abs_1_its": false,
    "bias_lambda_1_its": 1.6121645889886862,
    "width_lambda_1_its": 0.00163939999003615,
    "cover_lambda_1_its": false,
    "bias_beta_abs_2_its": -1.0,
    "width_beta_abs_2_its": 0.010968247193338831,
    "cover_beta_abs_2_its": false,
    "bias_lambda_2_its": 0.0021796254702655116,
    "width_lambda_2_its": 0.0002455383741626349,
    "cover_lambda_2_its": false
}