{
    "scenario_id": "S02",
    "mc_run": 8,
    "error": "None",
    "mae_rt_sCFR": 0.00029146342421881855,
    "mciw_rt_sCFR": 0.0018021266787545754,
    "mcic_rt_sCFR": 0.845,
    "mae_rcf_sCFR": 0.0009871693328022957,
    "mciw_rcf_sCFR": 0.003309247603523544,
    "mcic_rcf_sCFR": 0.845,
    "bias_beta_abs_1_sCFR": -0.21895325183868408,
    "width_beta_abs_1_sCFR": 2.957560160430147,
    "cover_beta_abs_1_sCFR": true,
    "bias_lambda_1_sCFR": -0.16767746210098267,
    "width_lambda_1_sCFR": 2.9499459340237073,
    "cover_lambda_1_sCFR": true,
    "mae_rt_cCFR_cumulative": 0.0054413283886745375,
    "mciw_rt_cCFR_cumulative": 0.0006747315875747258,
    "mcic_rt_cCFR_cumulative": 0.03,
    "mae_rt_aCFR_cumulative": 0.0017873797253245619,
    "mciw_rt_aCFR_cumulative": 0.0023863730159430275,
    "mcic_rt_aCFR_cumulative": 0.505,
    "mae_rt_its": 0.001927321181498443,
    "mciw_rt_its": 0.002339470783932832,
    "mcic_rt_its": 0.32,
    "mae_rcf_its": 0.003342713262566756,
    "mciw_rcf_its": 0.006025032097496512,
    "mcic_rcf_its": 0.24,
    "bias_beta_abs_1_its": -0.630597196365885,
    "width_beta_abs_1_its": 0.37122271590382755,
    "cover_beta_abs_1_its": false,
    "bias_lambda_1_its": 0.8735701027976828,
    "width_lambda_1_its": 0.008388589094985965,
    "cover_lambda_1_its": false
}