{
    "scenario_id": "S11",
    "mc_run": 8,
    "error": "None",
    "mae_rt_sCFR": 0.00036548281786963344,
    "mciw_rt_sCFR": 0.001798048057826236,
    "mcic_rt_sCFR": 0.905,
    "mae_rcf_sCFR": 0.0024802160914987326,
    "mciw_rcf_sCFR": 0.007444754293537699,
    "mcic_rcf_sCFR": 0.905,
    "bias_beta_abs_1_sCFR": 0.6040188074111938,
    "width_beta_abs_1_sCFR": 2.9893878404051066,
    "cover_beta_abs_1_sCFR": true,
    "bias_lambda_1_sCFR": 0.3502655029296875,
    "width_lambda_1_sCFR": 2.5502647852525095,
    "cover_lambda_1_sCFR": true,
    "mae_rt_cCFR_cumulative": 0.016628823238688136,
    "mciw_rt_cCFR_cumulative": 0.0007107187926110273,
    "mcic_rt_cCFR_cumulative": 0.005,
    "mae_rt_aCFR_cumulative": 0.013205673655536897,
    "mciw_rt_aCFR_cumulative": 0.0022072472612846223,
    "mcic_rt_aCFR_cumulative": 0.08,
    "mae_rt_its": 0.0008084606261513642,
    "mciw_rt_its": 0.0018360016735623921,
    "mcic_rt_its": 0.6,
    "mae_rcf_its": 0.0016148961130078266,
    "mciw_rcf_its": 0.003085295224328376,
    "mcic_rcf_its": 0.5,
    "bias_beta_abs_1_its": -0.9517326164137038,
    "width_beta_abs_1_its": 0.1505353072334004,
    "cover_beta_abs_1_its": false,
    "bias_lambda_1_its": 0.24678478972412643,
    "width_lambda_1_its": 0.0408273096705456,
    "cover_lambda_1_its": false
}