{
    "scenario_id": "S02",
    "mc_run": 9,
    "error": "None",
    "mae_rt_sCFR": 0.00023163743026088923,
    "mciw_rt_sCFR": 0.0017868315533269197,
    "mcic_rt_sCFR": 1.0,
    "mae_rcf_sCFR": 0.0007019660552032292,
    "mciw_rcf_sCFR": 0.004105542568140662,
    "mcic_rcf_sCFR": 1.0,
    "bias_beta_abs_1_sCFR": -0.14648157358169556,
    "width_beta_abs_1_sCFR": 3.103331855498254,
    "cover_beta_abs_1_sCFR": true,
    "bias_lambda_1_sCFR": -0.0580519437789917,
    "width_lambda_1_sCFR": 3.398780540749429,
    "cover_lambda_1_sCFR": true,
    "mae_rt_cCFR_cumulative": 0.005284370667648685,
    "mciw_rt_cCFR_cumulative": 0.0006829690521995623,
    "mcic_rt_cCFR_cumulative": 0.03,
    "mae_rt_aCFR_cumulative": 0.002012740687604244,
    "mciw_rt_aCFR_cumulative": 0.0025165357200263518,
    "mcic_rt_aCFR_cumulative": 0.485,
    "mae_rt_its": 0.0013872425420269957,
    "mciw_rt_its": 0.0022209804861196203,
    "mcic_rt_its": 0.535,
    "mae_rcf_its": 0.0013262124415332358,
    "mciw_rcf_its": 0.0049886750905406944,
    "mcic_rcf_its": 0.875,
    "bias_beta_abs_1_its": -0.7806208348908037,
    "width_beta_abs_1_its": 0.3360481853180668,
    "cover_beta_abs_1_its": false,
    "bias_lambda_1_its": 0.900475369904095,
    "width_lambda_1_its": 0.0033476069397262442,
    "cover_lambda_1_its": false
}