{
    "scenario_id": "S11",
    "mc_run": 2,
    "error": "None",
    "mae_rt_sCFR": 0.0022390747908502817,
    "mciw_rt_sCFR": 0.002209997558617033,
    "mcic_rt_sCFR": 0.325,
    "mae_rcf_sCFR": 0.05018037185072899,
    "mciw_rcf_sCFR": 0.013828525082441045,
    "mcic_rcf_sCFR": 0.16,
    "bias_beta_abs_1_sCFR": 10.646303176879883,
    "width_beta_abs_1_sCFR": 6.7247109651565555,
    "cover_beta_abs_1_sCFR": false,
    "bias_lambda_1_sCFR": 0.5271148204803466,
    "width_lambda_1_sCFR": 0.3711251765489578,
    "cover_lambda_1_sCFR": false,
    "mae_rt_cCFR_cumulative": 0.011353223196407808,
    "mciw_rt_cCFR_cumulative": 0.0005608093783682573,
    "mcic_rt_cCFR_cumulative": 0.0,
    "mae_rt_aCFR_cumulative": 0.00952596907349363,
    "mciw_rt_aCFR_cumulative": 0.0019033747786683503,
    "mcic_rt_aCFR_cumulative": 0.155,
    "mae_rt_its": 0.0017985496313466175,
    "mciw_rt_its": 0.0018215591493968742,
    "mcic_rt_its": 0.365,
    "mae_rcf_its": 0.003870599985143859,
    "mciw_rcf_its": 0.004183139635850705,
    "mcic_rcf_its": 0.355,
    "bias_beta_abs_1_its": -4.486749962225188,
    "width_beta_abs_1_its": 0.31359489135243973,
    "cover_beta_abs_1_its": false,
    "bias_lambda_1_its": 1.3965239055911456,
    "width_lambda_1_its": 0.11274732426491507,
    "cover_lambda_1_its": false
}