{
    "scenario_id": "S05",
    "mc_run": 10,
    "error": "None",
    "mae_rt_sCFR": 0.000435156311141327,
    "mciw_rt_sCFR": 0.0017674404393183067,
    "mcic_rt_sCFR": 1.0,
    "mae_rcf_sCFR": 0.0007456266321241856,
    "mciw_rcf_sCFR": 0.003633044037793297,
    "mcic_rcf_sCFR": 1.0,
    "bias_beta_abs_1_sCFR": -0.1462917923927307,
    "width_beta_abs_1_sCFR": 3.0394891420379277,
    "cover_beta_abs_1_sCFR": true,
    "bias_lambda_1_sCFR": -0.11033511161804199,
    "width_lambda_1_sCFR": 3.186455284664407,
    "cover_lambda_1_sCFR": true,
    "mae_rt_cCFR_cumulative": 0.008822964394373375,
    "mciw_rt_cCFR_cumulative": 0.0007474415609863505,
    "mcic_rt_cCFR_cumulative": 0.025,
    "mae_rt_aCFR_cumulative": 0.006646183667947215,
    "mciw_rt_aCFR_cumulative": 0.0018937086748636418,
    "mcic_rt_aCFR_cumulative": 0.105,
    "mae_rt_its": 0.0004176250065638344,
    "mciw_rt_its": 0.00011880236491369155,
    "mcic_rt_its": 0.135,
    "mae_rcf_its": 0.0007258878315191572,
    "mciw_rcf_its": 0.00011234076287395166,
    "mcic_rcf_its": 0.115,
    "bias_beta_abs_1_its": -0.9433138689390401,
    "width_beta_abs_1_its": 0.0022603783898086233,
    "cover_beta_abs_1_its": false,
    "bias_lambda_1_its": 0.7945863986079629,
    "width_lambda_1_its": 3.4735517195905175e-06,
    "cover_lambda_1_its": false
}