{
    "scenario_id": "S06",
    "mc_run": 2,
    "error": "None",
    "mae_rt_sCFR": 0.0004048569535370916,
    "mciw_rt_sCFR": 0.0018561299778521061,
    "mcic_rt_sCFR": 0.955,
    "mae_rcf_sCFR": 0.0009735816856846213,
    "mciw_rcf_sCFR": 0.014098415872780603,
    "mcic_rcf_sCFR": 0.955,
    "bias_beta_abs_1_sCFR": 0.16693782806396484,
    "width_beta_abs_1_sCFR": 3.7873331284150478,
    "cover_beta_abs_1_sCFR": true,
    "bias_lambda_1_sCFR": 0.04685235023498535,
    "width_lambda_1_sCFR": 3.4354484138078987,
    "cover_lambda_1_sCFR": true,
    "bias_beta_abs_2_sCFR": -0.14117538928985596,
    "width_beta_abs_2_sCFR": 3.132079711044207,
    "cover_beta_abs_2_sCFR": true,
    "bias_lambda_2_sCFR": -0.1351109743118286,
    "width_lambda_2_sCFR": 3.307632346637547,
    "cover_lambda_2_sCFR": true,
    "mae_rt_cCFR_cumulative": 0.008535527062292126,
    "mciw_rt_cCFR_cumulative": 0.00076730398630154,
    "mcic_rt_cCFR_cumulative": 0.015,
    "mae_rt_aCFR_cumulative": 0.006590167341833197,
    "mciw_rt_aCFR_cumulative": 0.0027965239416954165,
    "mcic_rt_aCFR_cumulative": 0.09,
    "mae_rt_its": 0.0004550226800203165,
    "mciw_rt_its": 0.001428429788654251,
    "mcic_rt_its": 0.84,
    "mae_rcf_its": 0.0009273166794807578,
    "mciw_rcf_its": 0.0025983670095778124,
    "mcic_rcf_its": 0.725,
    "bias_beta_abs_1_its": -0.9331157012649748,
    "width_beta_abs_1_its": 0.1764729296414724,
    "cover_beta_abs_1_its": false,
    "bias_lambda_1_its": 1.6670052112010545,
    "width_lambda_1_its": 0.001512323231510404,
    "cover_lambda_1_its": false,
    "bias_beta_abs_2_its": -1.0,
    "width_beta_abs_2_its": 0.0038729650458815676,
    "cover_beta_abs_2_its": false,
    "bias_lambda_2_its": -0.12321405193082313,
    "width_lambda_2_its": 0.00030824201460277756,
    "cover_lambda_2_its": false
}