{
    "scenario_id": "S03",
    "mc_run": 8,
    "error": "None",
    "mae_rt_sCFR": 0.0005958467954769731,
    "mciw_rt_sCFR": 0.001851801531505771,
    "mcic_rt_sCFR": 0.73,
    "mae_rcf_sCFR": 0.0006724215345457196,
    "mciw_rcf_sCFR": 0.010877683507045727,
    "mcic_rcf_sCFR": 0.885,
    "bias_beta_abs_1_sCFR": -0.06910109519958496,
    "width_beta_abs_1_sCFR": 3.248453397490084,
    "cover_beta_abs_1_sCFR": true,
    "bias_lambda_1_sCFR": -0.11406064033508301,
    "width_lambda_1_sCFR": 3.1393556336872273,
    "cover_lambda_1_sCFR": true,
    "bias_beta_abs_2_sCFR": -0.04707944393157959,
    "width_beta_abs_2_sCFR": 3.551832754164934,
    "cover_beta_abs_2_sCFR": true,
    "bias_lambda_2_sCFR": -0.010349452495574951,
    "width_lambda_2_sCFR": 3.2893096501007677,
    "cover_lambda_2_sCFR": true,
    "mae_rt_cCFR_cumulative": 0.0046884171147250275,
    "mciw_rt_cCFR_cumulative": 0.0006677660782529091,
    "mcic_rt_cCFR_cumulative": 0.03,
    "mae_rt_aCFR_cumulative": 0.0017938215639924076,
    "mciw_rt_aCFR_cumulative": 0.0017367296242146687,
    "mcic_rt_aCFR_cumulative": 0.33,
    "mae_rt_its": 0.0011455054797917855,
    "mciw_rt_its": 0.0016109571738562101,
    "mcic_rt_its": 0.375,
    "mae_rcf_its": 0.0011149834985182139,
    "mciw_rcf_its": 0.002458333812125197,
    "mcic_rcf_its": 0.705,
    "bias_beta_abs_1_its": -0.8984921527487132,
    "width_beta_abs_1_its": 0.12113977370121276,
    "cover_beta_abs_1_its": false,
    "bias_lambda_1_its": 1.2651799321242114,
    "width_lambda_1_its": 0.0007578919655366612,
    "cover_lambda_1_its": false,
    "bias_beta_abs_2_its": -1.0,
    "width_beta_abs_2_its": 0.016573744883923658,
    "cover_beta_abs_2_its": false,
    "bias_lambda_2_its": -0.33581948747895596,
    "width_lambda_2_its": 0.0002798518694315799,
    "cover_lambda_2_its": false
}