{
    "scenario_id": "S09",
    "mc_run": 7,
    "error": "None",
    "mae_rt_sCFR": 0.0003495815326459706,
    "mciw_rt_sCFR": 0.0018702902277582326,
    "mcic_rt_sCFR": 1.0,
    "mae_rcf_sCFR": 0.0031928597018122673,
    "mciw_rcf_sCFR": 0.015590279967524111,
    "mcic_rcf_sCFR": 1.0,
    "bias_beta_abs_1_sCFR": 0.47439706325531006,
    "width_beta_abs_1_sCFR": 3.8464398106560105,
    "cover_beta_abs_1_sCFR": true,
    "bias_lambda_1_sCFR": 0.46067190170288086,
    "width_lambda_1_sCFR": 4.264952204003929,
    "cover_lambda_1_sCFR": true,
    "bias_beta_abs_2_sCFR": -0.239967942237854,
    "width_beta_abs_2_sCFR": 2.7386998355388634,
    "cover_beta_abs_2_sCFR": true,
    "bias_lambda_2_sCFR": -0.23508226871490479,
    "width_lambda_2_sCFR": 2.7131043253000806,
    "cover_lambda_2_sCFR": true,
    "mae_rt_cCFR_cumulative": 0.010851011142854911,
    "mciw_rt_cCFR_cumulative": 0.0007369245979794683,
    "mcic_rt_cCFR_cumulative": 0.01,
    "mae_rt_aCFR_cumulative": 0.008280227558632154,
    "mciw_rt_aCFR_cumulative": 0.002017763124071631,
    "mcic_rt_aCFR_cumulative": 0.06,
    "mae_rt_its": 0.0004253393575397675,
    "mciw_rt_its": 0.0013158761178262565,
    "mcic_rt_its": 0.735,
    "mae_rcf_its": 0.0011092166651003542,
    "mciw_rcf_its": 0.0022138798412502632,
    "mcic_rcf_its": 0.725,
    "bias_beta_abs_1_its": -0.9637115886003031,
    "width_beta_abs_1_its": 0.15858028451773443,
    "cover_beta_abs_1_its": false,
    "bias_lambda_1_its": 2.184279312677548,
    "width_lambda_1_its": 0.0002112160706757571,
    "cover_lambda_1_its": false,
    "bias_beta_abs_2_its": -1.0,
    "width_beta_abs_2_its": 0.07602110462905103,
    "cover_beta_abs_2_its": false,
    "bias_lambda_2_its": 0.14964178324158395,
    "width_lambda_2_its": 0.00045597750367165624,
    "cover_lambda_2_its": false
}