{
    "scenario_id": "S09",
    "mc_run": 3,
    "error": "None",
    "mae_rt_sCFR": 0.0003643292293418199,
    "mciw_rt_sCFR": 0.0017713540775584984,
    "mcic_rt_sCFR": 1.0,
    "mae_rcf_sCFR": 0.0007314318208955228,
    "mciw_rcf_sCFR": 0.0051529516990995025,
    "mcic_rcf_sCFR": 1.0,
    "bias_beta_abs_1_sCFR": -0.11081773042678833,
    "width_beta_abs_1_sCFR": 2.871600684709846,
    "cover_beta_abs_1_sCFR": true,
    "bias_lambda_1_sCFR": -0.0837969183921814,
    "width_lambda_1_sCFR": 3.2085422161966553,
    "cover_lambda_1_sCFR": true,
    "bias_beta_abs_2_sCFR": -0.15783751010894775,
    "width_beta_abs_2_sCFR": 3.1184181947261074,
    "cover_beta_abs_2_sCFR": true,
    "bias_lambda_2_sCFR": -0.09532856941223145,
    "width_lambda_2_sCFR": 3.297964800568297,
    "cover_lambda_2_sCFR": true,
    "mae_rt_cCFR_cumulative": 0.01083383059379502,
    "mciw_rt_cCFR_cumulative": 0.0007266924211708973,
    "mcic_rt_cCFR_cumulative": 0.01,
    "mae_rt_aCFR_cumulative": 0.00822398336519025,
    "mciw_rt_aCFR_cumulative": 0.0016307888894593894,
    "mcic_rt_aCFR_cumulative": 0.05,
    "mae_rt_its": 0.0003339246570554203,
    "mciw_rt_its": 0.001292741677287571,
    "mcic_rt_its": 0.83,
    "mae_rcf_its": 0.001295383825945576,
    "mciw_rcf_its": 0.0019387331707086436,
    "mcic_rcf_its": 0.52,
    "bias_beta_abs_1_its": -0.9729079575268039,
    "width_beta_abs_1_its": 0.13842740357635505,
    "cover_beta_abs_1_its": false,
    "bias_lambda_1_its": 2.2280915971662525,
    "width_lambda_1_its": 0.00012678212220951224,
    "cover_lambda_1_its": false,
    "bias_beta_abs_2_its": -0.9935531489292949,
    "width_beta_abs_2_its": 0.07147300810076491,
    "cover_beta_abs_2_its": false,
    "bias_lambda_2_its": 0.3216518438902898,
    "width_lambda_2_its": 0.00035637242964736693,
    "cover_lambda_2_its": false
}