{
    "scenario_id": "S09",
    "mc_run": 6,
    "error": "None",
    "mae_rt_sCFR": 0.00045359550858847797,
    "mciw_rt_sCFR": 0.0017812143283081239,
    "mcic_rt_sCFR": 0.98,
    "mae_rcf_sCFR": 0.0012009241618216038,
    "mciw_rcf_sCFR": 0.004343610926298424,
    "mcic_rcf_sCFR": 0.98,
    "bias_beta_abs_1_sCFR": -0.28750401735305786,
    "width_beta_abs_1_sCFR": 2.5529477208387092,
    "cover_beta_abs_1_sCFR": true,
    "bias_lambda_1_sCFR": -0.24332904815673828,
    "width_lambda_1_sCFR": 2.6734327397542064,
    "cover_lambda_1_sCFR": true,
    "bias_beta_abs_2_sCFR": -0.104342520236969,
    "width_beta_abs_2_sCFR": 3.0861880767624816,
    "cover_beta_abs_2_sCFR": true,
    "bias_lambda_2_sCFR": -0.08204323053359985,
    "width_lambda_2_sCFR": 3.528997228201479,
    "cover_lambda_2_sCFR": true,
    "mae_rt_cCFR_cumulative": 0.010703218835374307,
    "mciw_rt_cCFR_cumulative": 0.0007504052555550625,
    "mcic_rt_cCFR_cumulative": 0.01,
    "mae_rt_aCFR_cumulative": 0.008153276330141962,
    "mciw_rt_aCFR_cumulative": 0.0029339131662711833,
    "mcic_rt_aCFR_cumulative": 0.11,
    "mae_rt_its": 0.0002487147921115406,
    "mciw_rt_its": 0.001725511735730724,
    "mcic_rt_its": 1.0,
    "mae_rcf_its": 0.001116150167003814,
    "mciw_rcf_its": 0.003212202393365151,
    "mcic_rcf_its": 0.7,
    "bias_beta_abs_1_its": -0.9554662208234759,
    "width_beta_abs_1_its": 0.1834208491218514,
    "cover_beta_abs_1_its": false,
    "bias_lambda_1_its": 0.604393583327985,
    "width_lambda_1_its": 0.07037917822785,
    "cover_lambda_1_its": false,
    "bias_beta_abs_2_its": -1.0,
    "width_beta_abs_2_its": 0.1610340144019475,
    "cover_beta_abs_2_its": false,
    "bias_lambda_2_its": -0.46318103860469484,
    "width_lambda_2_its": 0.4222702382038118,
    "cover_lambda_2_its": false
}