{
    "scenario_id": "S03",
    "mc_run": 5,
    "error": "None",
    "mae_rt_sCFR": 0.0004525456461124122,
    "mciw_rt_sCFR": 0.0018005002337740733,
    "mcic_rt_sCFR": 0.87,
    "mae_rcf_sCFR": 0.001350749982520938,
    "mciw_rcf_sCFR": 0.006591710399487055,
    "mcic_rcf_sCFR": 0.87,
    "bias_beta_abs_1_sCFR": -0.15014022588729858,
    "width_beta_abs_1_sCFR": 3.0866826689802105,
    "cover_beta_abs_1_sCFR": true,
    "bias_lambda_1_sCFR": -0.1439065933227539,
    "width_lambda_1_sCFR": 3.000272437324747,
    "cover_lambda_1_sCFR": true,
    "bias_beta_abs_2_sCFR": -0.11081862449645996,
    "width_beta_abs_2_sCFR": 2.9565946216695007,
    "cover_beta_abs_2_sCFR": true,
    "bias_lambda_2_sCFR": -0.16584044694900513,
    "width_lambda_2_sCFR": 3.088308526249602,
    "cover_lambda_2_sCFR": true,
    "mae_rt_cCFR_cumulative": 0.004554415847386359,
    "mciw_rt_cCFR_cumulative": 0.0006719951164882256,
    "mcic_rt_cCFR_cumulative": 0.03,
    "mae_rt_aCFR_cumulative": 0.0017925365534758688,
    "mciw_rt_aCFR_cumulative": 0.0018275137112158807,
    "mcic_rt_aCFR_cumulative": 0.33,
    "mae_rt_its": 0.000471894844725935,
    "mciw_rt_its": 0.0012003546311285273,
    "mcic_rt_its": 0.75,
    "mae_rcf_its": 0.0021912058156836394,
    "mciw_rcf_its": 0.001548359655917121,
    "mcic_rcf_its": 0.365,
    "bias_beta_abs_1_its": -0.9790688763068587,
    "width_beta_abs_1_its": 0.06826022347675054,
    "cover_beta_abs_1_its": false,
    "bias_lambda_1_its": 1.227372671544777,
    "width_lambda_1_its": 0.0002783737722289459,
    "cover_lambda_1_its": false,
    "bias_beta_abs_2_its": -0.9629699403732593,
    "width_beta_abs_2_its": 0.11384788734919667,
    "cover_beta_abs_2_its": false,
    "bias_lambda_2_its": -0.03344114775107765,
    "width_lambda_2_its": 0.002084162317240068,
    "cover_lambda_2_its": false
}