{
    "scenario_id": "S10",
    "mc_run": 2,
    "error": "None",
    "mae_rt_sCFR": 0.0014553265646100044,
    "mciw_rt_sCFR": 0.012544310156779828,
    "mcic_rt_sCFR": 1.0,
    "mae_rcf_sCFR": 0.0014553265646100044,
    "mciw_rcf_sCFR": 0.012544310156779828,
    "mcic_rcf_sCFR": 1.0,
    "mae_rt_cCFR_cumulative": 0.01104071909363311,
    "mciw_rt_cCFR_cumulative": 0.000569278831879623,
    "mcic_rt_cCFR_cumulative": 0.005,
    "mae_rt_aCFR_cumulative": 0.009132999988661352,
    "mciw_rt_aCFR_cumulative": 0.0013780520286530626,
    "mcic_rt_aCFR_cumulative": 0.145,
    "mae_rt_its": 0.0016488381517508555,
    "mciw_rt_its": 0.001610433870004742,
    "mcic_rt_its": 0.345,
    "mae_rcf_its": 0.0016488381517508555,
    "mciw_rcf_its": 0.001610433870004742,
    "mcic_rcf_its": 0.345
}