{
    "scenario_id": "S02",
    "mc_run": 1,
    "error": "None",
    "mae_rt_sCFR": 0.00030174929997883737,
    "mciw_rt_sCFR": 0.001822492055827752,
    "mcic_rt_sCFR": 1.0,
    "mae_rcf_sCFR": 0.0004824660427402705,
    "mciw_rcf_sCFR": 0.00479893253929913,
    "mcic_rcf_sCFR": 1.0,
    "bias_beta_abs_1_sCFR": -0.09246915578842163,
    "width_beta_abs_1_sCFR": 3.1335569449234746,
    "cover_beta_abs_1_sCFR": true,
    "bias_lambda_1_sCFR": -0.07703149318695068,
    "width_lambda_1_sCFR": 3.177796444878913,
    "cover_lambda_1_sCFR": true,
    "mae_rt_cCFR_cumulative": 0.005437727113576991,
    "mciw_rt_cCFR_cumulative": 0.0006599114157367561,
    "mcic_rt_cCFR_cumulative": 0.03,
    "mae_rt_aCFR_cumulative": 0.0018305347729036879,
    "mciw_rt_aCFR_cumulative": 0.001482153748802154,
    "mcic_rt_aCFR_cumulative": 0.49,
    "mae_rt_its": 0.0005438625699632641,
    "mciw_rt_its": 0.0014364360369966541,
    "mcic_rt_its": 0.775,
    "mae_rcf_its": 0.0004770332243028255,
    "mciw_rcf_its": 0.0026195339052837003,
    "mcic_rcf_its": 1.0,
    "bias_beta_abs_1_its": -0.859293516845226,
    "width_beta_abs_1_its": 0.1910161324960048,
    "cover_beta_abs_1_its": false,
    "bias_lambda_1_its": 0.9539400571789063,
    "width_lambda_1_its": 0.021618843211939076,
    "cover_lambda_1_its": false
}