{
    "scenario_id": "S02",
    "mc_run": 4,
    "error": "None",
    "mae_rt_sCFR": 0.00046364785521291196,
    "mciw_rt_sCFR": 0.0019144775081658735,
    "mcic_rt_sCFR": 1.0,
    "mae_rcf_sCFR": 0.00377837591804564,
    "mciw_rcf_sCFR": 0.014657417667680419,
    "mcic_rcf_sCFR": 1.0,
    "bias_beta_abs_1_sCFR": 0.7462329864501953,
    "width_beta_abs_1_sCFR": 4.537752459198236,
    "cover_beta_abs_1_sCFR": true,
    "bias_lambda_1_sCFR": 0.7304871082305908,
    "width_lambda_1_sCFR": 5.0211097348481415,
    "cover_lambda_1_sCFR": true,
    "mae_rt_cCFR_cumulative": 0.005333383786349144,
    "mciw_rt_cCFR_cumulative": 0.0006731190230480956,
    "mcic_rt_cCFR_cumulative": 0.03,
    "mae_rt_aCFR_cumulative": 0.0017932247133193818,
    "mciw_rt_aCFR_cumulative": 0.0018810980225632409,
    "mcic_rt_aCFR_cumulative": 0.515,
    "mae_rt_its": 0.0009115164764980629,
    "mciw_rt_its": 0.0007655569710763786,
    "mcic_rt_its": 0.14,
    "mae_rcf_its": 0.00048291291044084126,
    "mciw_rcf_its": 0.0018110849159762418,
    "mcic_rcf_its": 0.125,
    "bias_beta_abs_1_its": -0.828061542913481,
    "width_beta_abs_1_its": 0.149189146507931,
    "cover_beta_abs_1_its": false,
    "bias_lambda_1_its": 0.9119906984176649,
    "width_lambda_1_its": 0.00020597956090262493,
    "cover_lambda_1_its": false
}