{
    "scenario_id": "S12",
    "mc_run": 2,
    "error": "None",
    "mae_rt_sCFR": 0.001228640554472804,
    "mciw_rt_sCFR": 0.013597641640284564,
    "mcic_rt_sCFR": 1.0,
    "mae_rcf_sCFR": 0.001883476972579956,
    "mciw_rcf_sCFR": 0.019983495636028234,
    "mcic_rcf_sCFR": 1.0,
    "bias_beta_abs_1_sCFR": -2.593968391418457,
    "width_beta_abs_1_sCFR": 8.669580081234892,
    "cover_beta_abs_1_sCFR": true,
    "bias_lambda_1_sCFR": 0.5781942725181579,
    "width_lambda_1_sCFR": 3.0058942269533864,
    "cover_lambda_1_sCFR": true,
    "bias_beta_abs_2_sCFR": -1.5723103284835815,
    "width_beta_abs_2_sCFR": 7.39448052061662,
    "cover_beta_abs_2_sCFR": true,
    "bias_lambda_2_sCFR": 0.5644384741783142,
    "width_lambda_2_sCFR": 3.3088533865520726,
    "cover_lambda_2_sCFR": true,
    "mae_rt_cCFR_cumulative": 0.010028668390923933,
    "mciw_rt_cCFR_cumulative": 0.0005545244412497992,
    "mcic_rt_cCFR_cumulative": 0.0,
    "mae_rt_aCFR_cumulative": 0.008198779376341551,
    "mciw_rt_aCFR_cumulative": 0.001989262510787802,
    "mcic_rt_aCFR_cumulative": 0.165,
    "mae_rt_its": 0.0016450116698176614,
    "mciw_rt_its": 0.001129065900005728,
    "mcic_rt_its": 0.19,
    "mae_rcf_its": 0.00371412908979963,
    "mciw_rcf_its": 0.001181203866525548,
    "mcic_rcf_its": 0.135,
    "bias_beta_abs_1_its": -5.0,
    "width_beta_abs_1_its": 0.0,
    "cover_beta_abs_1_its": false,
    "bias_lambda_1_its": 1.8971555606042763,
    "width_lambda_1_its": 3.0120170595893114e-05,
    "cover_lambda_1_its": false,
    "bias_beta_abs_2_its": -3.0,
    "width_beta_abs_2_its": 0.09524271666078446,
    "cover_beta_abs_2_its": false,
    "bias_lambda_2_its": 0.3365538913983444,
    "width_lambda_2_its": 0.01137736709600512,
    "cover_lambda_2_its": false
}