{
    "scenario_id": "S05",
    "mc_run": 1,
    "error": "None",
    "mae_rt_sCFR": 0.001435819547623396,
    "mciw_rt_sCFR": 0.00626334204757586,
    "mcic_rt_sCFR": 0.955,
    "mae_rcf_sCFR": 0.001730168703943491,
    "mciw_rcf_sCFR": 0.009051403960969763,
    "mcic_rcf_sCFR": 0.96,
    "bias_beta_abs_1_sCFR": -3.431300163269043,
    "width_beta_abs_1_sCFR": 6.631308535188872,
    "cover_beta_abs_1_sCFR": true,
    "bias_lambda_1_sCFR": 0.6582417607307434,
    "width_lambda_1_sCFR": 3.103414077591151,
    "cover_lambda_1_sCFR": true,
    "mae_rt_cCFR_cumulative": 0.009570768202891659,
    "mciw_rt_cCFR_cumulative": 0.0007611714485531714,
    "mcic_rt_cCFR_cumulative": 0.025,
    "mae_rt_aCFR_cumulative": 0.007428407100363653,
    "mciw_rt_aCFR_cumulative": 0.0019537953574110035,
    "mcic_rt_aCFR_cumulative": 0.11,
    "mae_rt_its": 0.0014892164637078187,
    "mciw_rt_its": 0.0013022755840685998,
    "mcic_rt_its": 0.27,
    "mae_rcf_its": 0.002548481578188207,
    "mciw_rcf_its": 0.0016513617715495903,
    "mcic_rcf_its": 0.145,
    "bias_beta_abs_1_its": -4.989372861819176,
    "width_beta_abs_1_its": 0.11615411183573449,
    "cover_beta_abs_1_its": false,
    "bias_lambda_1_its": 1.322392262621245,
    "width_lambda_1_its": 0.009387587873854741,
    "cover_lambda_1_its": false
}