{
    "scenario_id": "S02",
    "mc_run": 6,
    "error": "None",
    "mae_rt_sCFR": 0.0005520028644241393,
    "mciw_rt_sCFR": 0.001852113453671336,
    "mcic_rt_sCFR": 0.93,
    "mae_rcf_sCFR": 0.0009268902358599007,
    "mciw_rcf_sCFR": 0.004793502961285412,
    "mcic_rcf_sCFR": 0.93,
    "bias_beta_abs_1_sCFR": -0.1227407455444336,
    "width_beta_abs_1_sCFR": 3.0235322475898982,
    "cover_beta_abs_1_sCFR": true,
    "bias_lambda_1_sCFR": -0.09742426872253418,
    "width_lambda_1_sCFR": 3.346108241006732,
    "cover_lambda_1_sCFR": true,
    "mae_rt_cCFR_cumulative": 0.005444996324291233,
    "mciw_rt_cCFR_cumulative": 0.0006604313666514587,
    "mcic_rt_cCFR_cumulative": 0.03,
    "mae_rt_aCFR_cumulative": 0.0017415666797296813,
    "mciw_rt_aCFR_cumulative": 0.0017200553717042297,
    "mcic_rt_aCFR_cumulative": 0.485,
    "mae_rt_its": 0.00022622811250959656,
    "mciw_rt_its": 0.0013482315311994476,
    "mcic_rt_its": 0.975,
    "mae_rcf_its": 0.0012433995700480455,
    "mciw_rcf_its": 0.001751232676013974,
    "mcic_rcf_its": 0.62,
    "bias_beta_abs_1_its": -0.9631709865332985,
    "width_beta_abs_1_its": 0.10657141838144532,
    "cover_beta_abs_1_its": false,
    "bias_lambda_1_its": 0.7554948564437141,
    "width_lambda_1_its": 0.0036066148036892898,
    "cover_lambda_1_its": false
}