{
    "scenario_id": "S12",
    "mc_run": 1,
    "error": "None",
    "mae_rt_sCFR": 0.0012547342339530587,
    "mciw_rt_sCFR": 0.015485500456939914,
    "mcic_rt_sCFR": 1.0,
    "mae_rcf_sCFR": 0.0026392624713480473,
    "mciw_rcf_sCFR": 0.017912683603703038,
    "mcic_rcf_sCFR": 0.995,
    "bias_beta_abs_1_sCFR": -3.5928547382354736,
    "width_beta_abs_1_sCFR": 6.9278339264470565,
    "cover_beta_abs_1_sCFR": true,
    "bias_lambda_1_sCFR": 0.522587251663208,
    "width_lambda_1_sCFR": 2.8874178502243013,
    "cover_lambda_1_sCFR": true,
    "bias_beta_abs_2_sCFR": -1.740331768989563,
    "width_beta_abs_2_sCFR": 5.621342861652286,
    "cover_beta_abs_2_sCFR": true,
    "bias_lambda_2_sCFR": 0.6050114154815673,
    "width_lambda_2_sCFR": 3.3742263699881723,
    "cover_lambda_2_sCFR": true,
    "mae_rt_cCFR_cumulative": 0.010068153045122563,
    "mciw_rt_cCFR_cumulative": 0.0005572601464425948,
    "mcic_rt_cCFR_cumulative": 0.0,
    "mae_rt_aCFR_cumulative": 0.008246441255734826,
    "mciw_rt_aCFR_cumulative": 0.0020043645521729565,
    "mcic_rt_aCFR_cumulative": 0.14,
    "mae_rt_its": 0.0015906201112976847,
    "mciw_rt_its": 0.0011144185591107404,
    "mcic_rt_its": 0.195,
    "mae_rcf_its": 0.0038058166763864825,
    "mciw_rcf_its": 0.0012825854338853093,
    "mcic_rcf_its": 0.08,
    "bias_beta_abs_1_its": -5.0,
    "width_beta_abs_1_its": 0.0,
    "cover_beta_abs_1_its": false,
    "bias_lambda_1_its": 3.3068899385465884,
    "width_lambda_1_its": 3.032897342558627e-05,
    "cover_lambda_1_its": false,
    "bias_beta_abs_2_its": -3.0,
    "width_beta_abs_2_its": 0.1599156698114754,
    "cover_beta_abs_2_its": false,
    "bias_lambda_2_its": 0.12570154697924757,
    "width_lambda_2_its": 0.15178169042586537,
    "cover_lambda_2_its": false
}