{
    "scenario_id": "S09",
    "mc_run": 2,
    "error": "None",
    "mae_rt_sCFR": 0.001531726447865367,
    "mciw_rt_sCFR": 0.0048458214555867005,
    "mcic_rt_sCFR": 0.815,
    "mae_rcf_sCFR": 0.001846928265877068,
    "mciw_rcf_sCFR": 0.011889513993402942,
    "mcic_rcf_sCFR": 0.905,
    "bias_beta_abs_1_sCFR": -3.345384359359741,
    "width_beta_abs_1_sCFR": 5.808086033165454,
    "cover_beta_abs_1_sCFR": true,
    "bias_lambda_1_sCFR": 0.7629661083221435,
    "width_lambda_1_sCFR": 3.0525655560661096,
    "cover_lambda_1_sCFR": true,
    "bias_beta_abs_2_sCFR": -1.8176610469818115,
    "width_beta_abs_2_sCFR": 5.553478260291734,
    "cover_beta_abs_2_sCFR": true,
    "bias_lambda_2_sCFR": 0.7335408449172973,
    "width_lambda_2_sCFR": 4.652406861353666,
    "cover_lambda_2_sCFR": true,
    "mae_rt_cCFR_cumulative": 0.011907057730229575,
    "mciw_rt_cCFR_cumulative": 0.0007297749066213287,
    "mcic_rt_cCFR_cumulative": 0.01,
    "mae_rt_aCFR_cumulative": 0.009287829455775465,
    "mciw_rt_aCFR_cumulative": 0.0017342649019995325,
    "mcic_rt_aCFR_cumulative": 0.06,
    "mae_rt_its": 0.001625641881767802,
    "mciw_rt_its": 0.0017976357306273344,
    "mcic_rt_its": 0.35,
    "mae_rcf_its": 0.0030013036494243267,
    "mciw_rcf_its": 0.003900108198736678,
    "mcic_rcf_its": 0.32,
    "bias_beta_abs_1_its": -4.935536232540454,
    "width_beta_abs_1_its": 0.2616640580741562,
    "cover_beta_abs_1_its": false,
    "bias_lambda_1_its": 1.760877301589267,
    "width_lambda_1_its": 0.02775760529201987,
    "cover_lambda_1_its": false,
    "bias_beta_abs_2_its": -3.0,
    "width_beta_abs_2_its": 0.28571722029917745,
    "cover_beta_abs_2_its": false,
    "bias_lambda_2_its": 0.7252387613104776,
    "width_lambda_2_its": 0.025934251719573975,
    "cover_lambda_2_its": false
}