{
    "scenario_id": "S08",
    "mc_run": 1,
    "error": "None",
    "mae_rt_sCFR": 0.0003900688898283988,
    "mciw_rt_sCFR": 0.0018928395749535408,
    "mcic_rt_sCFR": 0.985,
    "mae_rcf_sCFR": 0.0017067515291273594,
    "mciw_rcf_sCFR": 0.008472708613262513,
    "mcic_rcf_sCFR": 0.985,
    "bias_beta_abs_1_sCFR": 0.48845410346984863,
    "width_beta_abs_1_sCFR": 3.8721770256757733,
    "cover_beta_abs_1_sCFR": true,
    "bias_lambda_1_sCFR": 0.608525276184082,
    "width_lambda_1_sCFR": 4.975417580455542,
    "cover_lambda_1_sCFR": true,
    "mae_rt_cCFR_cumulative": 0.010854168817510966,
    "mciw_rt_cCFR_cumulative": 0.000750926426173763,
    "mcic_rt_cCFR_cumulative": 0.01,
    "mae_rt_aCFR_cumulative": 0.007909335296217108,
    "mciw_rt_aCFR_cumulative": 0.0026560391537742184,
    "mcic_rt_aCFR_cumulative": 0.115,
    "mae_rt_its": 0.0005919760681803468,
    "mciw_rt_its": 0.0011484221463064204,
    "mcic_rt_its": 0.54,
    "mae_rcf_its": 0.0008301375184193907,
    "mciw_rcf_its": 0.0014260736429522263,
    "mcic_rcf_its": 0.75,
    "bias_beta_abs_1_its": -0.8987176462363085,
    "width_beta_abs_1_its": 0.09471521480196027,
    "cover_beta_abs_1_its": false,
    "bias_lambda_1_its": 0.6083323822089834,
    "width_lambda_1_its": 0.0014050213404621648,
    "cover_lambda_1_its": false
}