{
    "scenario_id": "S10",
    "mc_run": 6,
    "error": "None",
    "mae_rt_sCFR": 0.0005296849994920194,
    "mciw_rt_sCFR": 0.0020047744871117172,
    "mcic_rt_sCFR": 0.805,
    "mae_rcf_sCFR": 0.0005296849994920194,
    "mciw_rcf_sCFR": 0.0020047744871117172,
    "mcic_rcf_sCFR": 0.805,
    "mae_rt_cCFR_cumulative": 0.016215933285546894,
    "mciw_rt_cCFR_cumulative": 0.0007078030013585468,
    "mcic_rt_cCFR_cumulative": 0.005,
    "mae_rt_aCFR_cumulative": 0.01277436440722116,
    "mciw_rt_aCFR_cumulative": 0.001618703938876187,
    "mcic_rt_aCFR_cumulative": 0.06,
    "mae_rt_its": 0.0006738732791271924,
    "mciw_rt_its": 0.0017599966828263083,
    "mcic_rt_its": 0.62,
    "mae_rcf_its": 0.0006738732791271924,
    "mciw_rcf_its": 0.0017599966828263083,
    "mcic_rcf_its": 0.62
}