{
    "scenario_id": "S05",
    "mc_run": 4,
    "error": "None",
    "mae_rt_sCFR": 0.00037054307176731527,
    "mciw_rt_sCFR": 0.0017263079268159346,
    "mcic_rt_sCFR": 1.0,
    "mae_rcf_sCFR": 0.0006735131028108299,
    "mciw_rcf_sCFR": 0.0031686218724353236,
    "mcic_rcf_sCFR": 1.0,
    "bias_beta_abs_1_sCFR": -0.15190553665161133,
    "width_beta_abs_1_sCFR": 2.7395493766758574,
    "cover_beta_abs_1_sCFR": true,
    "bias_lambda_1_sCFR": -0.10430353879928589,
    "width_lambda_1_sCFR": 2.994164011720568,
    "cover_lambda_1_sCFR": true,
    "mae_rt_cCFR_cumulative": 0.008691043054892855,
    "mciw_rt_cCFR_cumulative": 0.00076292271166435,
    "mcic_rt_cCFR_cumulative": 0.02,
    "mae_rt_aCFR_cumulative": 0.006394916897439762,
    "mciw_rt_aCFR_cumulative": 0.002648488664940144,
    "mcic_rt_aCFR_cumulative": 0.1,
    "mae_rt_its": 0.00026882590703811984,
    "mciw_rt_its": 0.0013098500611510588,
    "mcic_rt_its": 0.9,
    "mae_rcf_its": 0.0012063919356168908,
    "mciw_rcf_its": 0.0014183113075196053,
    "mcic_rcf_its": 0.565,
    "bias_beta_abs_1_its": -1.0,
    "width_beta_abs_1_its": 0.06082564698659106,
    "cover_beta_abs_1_its": false,
    "bias_lambda_1_its": 1.189587314928676,
    "width_lambda_1_its": 0.0007408235904695637,
    "cover_lambda_1_its": false
}