{
    "scenario_id": "S04",
    "mc_run": 9,
    "error": "None",
    "mae_rt_sCFR": 0.0003928210644517094,
    "mciw_rt_sCFR": 0.0018208849739748984,
    "mcic_rt_sCFR": 0.83,
    "mae_rcf_sCFR": 0.0003928210644517094,
    "mciw_rcf_sCFR": 0.0018208849739748984,
    "mcic_rcf_sCFR": 0.83,
    "mae_rt_cCFR_cumulative": 0.007642226541657842,
    "mciw_rt_cCFR_cumulative": 0.0007601889849647758,
    "mcic_rt_cCFR_cumulative": 0.03,
    "mae_rt_aCFR_cumulative": 0.005227442268944266,
    "mciw_rt_aCFR_cumulative": 0.002782838262286504,
    "mcic_rt_aCFR_cumulative": 0.12,
    "mae_rt_its": 0.0003943129780548349,
    "mciw_rt_its": 0.0014879479973377314,
    "mcic_rt_its": 0.76,
    "mae_rcf_its": 0.0003943129780548349,
    "mciw_rcf_its": 0.0014879479973377314,
    "mcic_rcf_its": 0.76
}