{
    "scenario_id": "S12",
    "mc_run": 3,
    "error": "None",
    "mae_rt_sCFR": 0.0004635603108908981,
    "mciw_rt_sCFR": 0.002190079387568403,
    "mcic_rt_sCFR": 0.93,
    "mae_rcf_sCFR": 0.011286666616797447,
    "mciw_rcf_sCFR": 0.04725368943647481,
    "mcic_rcf_sCFR": 1.0,
    "bias_beta_abs_1_sCFR": 1.0014066696166992,
    "width_beta_abs_1_sCFR": 5.145476544275879,
    "cover_beta_abs_1_sCFR": true,
    "bias_lambda_1_sCFR": 0.676061749458313,
    "width_lambda_1_sCFR": 4.13217875920236,
    "cover_lambda_1_sCFR": true,
    "bias_beta_abs_2_sCFR": -0.2879890203475952,
    "width_beta_abs_2_sCFR": 2.5507074436405666,
    "cover_beta_abs_2_sCFR": true,
    "bias_lambda_2_sCFR": -0.30156588554382324,
    "width_lambda_2_sCFR": 2.382451054872945,
    "cover_lambda_2_sCFR": true,
    "mae_rt_cCFR_cumulative": 0.01490160569097542,
    "mciw_rt_cCFR_cumulative": 0.0006974002801005315,
    "mcic_rt_cCFR_cumulative": 0.005,
    "mae_rt_aCFR_cumulative": 0.011662147728624173,
    "mciw_rt_aCFR_cumulative": 0.0014824583807786223,
    "mcic_rt_aCFR_cumulative": 0.045,
    "mae_rt_its": 0.0006594603507337606,
    "mciw_rt_its": 0.001697384250586741,
    "mcic_rt_its": 0.625,
    "mae_rcf_its": 0.0035296844403809677,
    "mciw_rcf_its": 0.0017526193174085905,
    "mcic_rcf_its": 0.115,
    "bias_beta_abs_1_its": -1.0,
    "width_beta_abs_1_its": 0.012302295228991867,
    "cover_beta_abs_1_its": false,
    "bias_lambda_1_its": 0.7188098966470435,
    "width_lambda_1_its": 0.00025728240934497215,
    "cover_lambda_1_its": false,
    "bias_beta_abs_2_its": -1.0,
    "width_beta_abs_2_its": 7.420451171859226e-05,
    "cover_beta_abs_2_its": false,
    "bias_lambda_2_its": -0.999999,
    "width_lambda_2_its": 0.0004366582544399871,
    "cover_lambda_2_its": false
}