{
    "scenario_id": "S12",
    "mc_run": 5,
    "error": "None",
    "mae_rt_sCFR": 0.0004871578421443701,
    "mciw_rt_sCFR": 0.0022037423598812896,
    "mcic_rt_sCFR": 1.0,
    "mae_rcf_sCFR": 0.005128752440214157,
    "mciw_rcf_sCFR": 0.026650748820451552,
    "mcic_rcf_sCFR": 1.0,
    "bias_beta_abs_1_sCFR": 0.5110108852386475,
    "width_beta_abs_1_sCFR": 4.346320733521133,
    "cover_beta_abs_1_sCFR": true,
    "bias_lambda_1_sCFR": 0.4231903553009033,
    "width_lambda_1_sCFR": 3.9554027311503863,
    "cover_lambda_1_sCFR": true,
    "bias_beta_abs_2_sCFR": -0.1312568187713623,
    "width_beta_abs_2_sCFR": 3.1043393973726774,
    "cover_beta_abs_2_sCFR": true,
    "bias_lambda_2_sCFR": -0.1491788625717163,
    "width_lambda_2_sCFR": 3.060744564933702,
    "cover_lambda_2_sCFR": true,
    "mae_rt_cCFR_cumulative": 0.014857196552476335,
    "mciw_rt_cCFR_cumulative": 0.0007104195221604168,
    "mcic_rt_cCFR_cumulative": 0.01,
    "mae_rt_aCFR_cumulative": 0.011488669929634305,
    "mciw_rt_aCFR_cumulative": 0.001651501162685125,
    "mcic_rt_aCFR_cumulative": 0.09,
    "mae_rt_its": 0.0006842493277532548,
    "mciw_rt_its": 0.0013422611764165337,
    "mcic_rt_its": 0.5,
    "mae_rcf_its": 0.0030022719584757484,
    "mciw_rcf_its": 0.001340820150007912,
    "mcic_rcf_its": 0.155,
    "bias_beta_abs_1_its": -1.0,
    "width_beta_abs_1_its": 0.0036653079566296887,
    "cover_beta_abs_1_its": false,
    "bias_lambda_1_its": 1.46994443697093,
    "width_lambda_1_its": 2.7201194007897556e-05,
    "cover_lambda_1_its": false,
    "bias_beta_abs_2_its": -0.9999990592571516,
    "width_beta_abs_2_its": 7.991673442005576e-05,
    "cover_beta_abs_2_its": false,
    "bias_lambda_2_its": -0.999999,
    "width_lambda_2_its": 7.855582347870432e-05,
    "cover_lambda_2_its": false
}