{
    "scenario_id": "S04",
    "mc_run": 7,
    "error": "None",
    "mae_rt_sCFR": 0.00048205265193246305,
    "mciw_rt_sCFR": 0.0017689667366212233,
    "mcic_rt_sCFR": 0.895,
    "mae_rcf_sCFR": 0.00048205265193246305,
    "mciw_rcf_sCFR": 0.0017689667366212233,
    "mcic_rcf_sCFR": 0.895,
    "mae_rt_cCFR_cumulative": 0.007836209172720038,
    "mciw_rt_cCFR_cumulative": 0.0007557977094788998,
    "mcic_rt_cCFR_cumulative": 0.025,
    "mae_rt_aCFR_cumulative": 0.005701894449326966,
    "mciw_rt_aCFR_cumulative": 0.0025201834686715517,
    "mcic_rt_aCFR_cumulative": 0.14,
    "mae_rt_its": 0.0003347011972198153,
    "mciw_rt_its": 0.0013138810091529113,
    "mcic_rt_its": 0.77,
    "mae_rcf_its": 0.0003347011972198153,
    "mciw_rcf_its": 0.0013138810091529113,
    "mcic_rcf_its": 0.77
}