{
    "scenario_id": "S12",
    "mc_run": 8,
    "error": "None",
    "mae_rt_sCFR": 0.0005633413093164563,
    "mciw_rt_sCFR": 0.0019949680102290587,
    "mcic_rt_sCFR": 0.785,
    "mae_rcf_sCFR": 0.0029107732698321342,
    "mciw_rcf_sCFR": 0.004605319458758458,
    "mcic_rcf_sCFR": 0.345,
    "bias_beta_abs_1_sCFR": -0.43551337718963623,
    "width_beta_abs_1_sCFR": 2.2925465249456463,
    "cover_beta_abs_1_sCFR": true,
    "bias_lambda_1_sCFR": -0.2673527002334595,
    "width_lambda_1_sCFR": 3.1904958941973742,
    "cover_lambda_1_sCFR": true,
    "bias_beta_abs_2_sCFR": -0.10714322328567505,
    "width_beta_abs_2_sCFR": 3.4734274523332713,
    "cover_beta_abs_2_sCFR": true,
    "bias_lambda_2_sCFR": -0.13731223344802856,
    "width_lambda_2_sCFR": 3.081175276776775,
    "cover_lambda_2_sCFR": true,
    "mae_rt_cCFR_cumulative": 0.014819771270292065,
    "mciw_rt_cCFR_cumulative": 0.0007033142737526451,
    "mcic_rt_cCFR_cumulative": 0.005,
    "mae_rt_aCFR_cumulative": 0.011523154790495873,
    "mciw_rt_aCFR_cumulative": 0.0016385693375917697,
    "mcic_rt_aCFR_cumulative": 0.075,
    "mae_rt_its": 0.0007269367403229132,
    "mciw_rt_its": 0.0016115008984067002,
    "mcic_rt_its": 0.545,
    "mae_rcf_its": 0.0033845224236732385,
    "mciw_rcf_its": 0.0016079641637598457,
    "mcic_rcf_its": 0.22,
    "bias_beta_abs_1_its": -1.0,
    "width_beta_abs_1_its": 0.0021410024551747784,
    "cover_beta_abs_1_its": false,
    "bias_lambda_1_its": 0.3188603135790451,
    "width_lambda_1_its": 8.890505314984587e-05,
    "cover_lambda_1_its": false,
    "bias_beta_abs_2_its": -1.0,
    "width_beta_abs_2_its": 0.000169615155029813,
    "cover_beta_abs_2_its": false,
    "bias_lambda_2_its": -0.4884729155741283,
    "width_lambda_2_its": 0.0006795297729759175,
    "cover_lambda_2_its": false
}