{
    "scenario_id": "S11",
    "mc_run": 5,
    "error": "None",
    "mae_rt_sCFR": 0.00021108268992975354,
    "mciw_rt_sCFR": 0.002053658584947698,
    "mcic_rt_sCFR": 1.0,
    "mae_rcf_sCFR": 0.0011500467080622911,
    "mciw_rcf_sCFR": 0.004211696066427976,
    "mcic_rcf_sCFR": 1.0,
    "bias_beta_abs_1_sCFR": -0.2692703604698181,
    "width_beta_abs_1_sCFR": 2.657463080622256,
    "cover_beta_abs_1_sCFR": true,
    "bias_lambda_1_sCFR": -0.2580881714820862,
    "width_lambda_1_sCFR": 2.574622703343629,
    "cover_lambda_1_sCFR": true,
    "mae_rt_cCFR_cumulative": 0.01666741608280526,
    "mciw_rt_cCFR_cumulative": 0.000705634069460359,
    "mcic_rt_cCFR_cumulative": 0.005,
    "mae_rt_aCFR_cumulative": 0.013283056748973286,
    "mciw_rt_aCFR_cumulative": 0.0016404507032200645,
    "mcic_rt_aCFR_cumulative": 0.055,
    "mae_rt_its": 0.0008861828232296274,
    "mciw_rt_its": 0.0018427770360983226,
    "mcic_rt_its": 0.59,
    "mae_rcf_its": 0.0016315730493558329,
    "mciw_rcf_its": 0.0035181087694282588,
    "mcic_rcf_its": 0.5,
    "bias_beta_abs_1_its": -0.8021904505362132,
    "width_beta_abs_1_its": 0.1676957261916624,
    "cover_beta_abs_1_its": false,
    "bias_lambda_1_its": 0.608924611443511,
    "width_lambda_1_its": 0.044572507373235704,
    "cover_lambda_1_its": false
}