{
    "scenario_id": "S05",
    "mc_run": 8,
    "error": "None",
    "mae_rt_sCFR": 0.00027846742887049913,
    "mciw_rt_sCFR": 0.0018042773789493365,
    "mcic_rt_sCFR": 1.0,
    "mae_rcf_sCFR": 0.0008687308290973306,
    "mciw_rcf_sCFR": 0.0025315205786027944,
    "mcic_rcf_sCFR": 0.95,
    "bias_beta_abs_1_sCFR": -0.3069115877151489,
    "width_beta_abs_1_sCFR": 2.549775357590987,
    "cover_beta_abs_1_sCFR": true,
    "bias_lambda_1_sCFR": -0.24822211265563965,
    "width_lambda_1_sCFR": 2.9317874189000572,
    "cover_lambda_1_sCFR": true,
    "mae_rt_cCFR_cumulative": 0.008751132479109318,
    "mciw_rt_cCFR_cumulative": 0.0007625671097548796,
    "mcic_rt_cCFR_cumulative": 0.02,
    "mae_rt_aCFR_cumulative": 0.006505478675128034,
    "mciw_rt_aCFR_cumulative": 0.00312515761259546,
    "mcic_rt_aCFR_cumulative": 0.13,
    "mae_rt_its": 0.0021552453333596798,
    "mciw_rt_its": 0.002309832775231881,
    "mcic_rt_its": 0.335,
    "mae_rcf_its": 0.004249624301287194,
    "mciw_rcf_its": 0.005724446022658722,
    "mcic_rcf_its": 0.28,
    "bias_beta_abs_1_its": -0.4605851447584046,
    "width_beta_abs_1_its": 0.43369483760210936,
    "cover_beta_abs_1_its": false,
    "bias_lambda_1_its": 0.506786867473638,
    "width_lambda_1_its": 0.016885118696183365,
    "cover_lambda_1_its": false
}