{
    "scenario_id": "S08",
    "mc_run": 2,
    "error": "None",
    "mae_rt_sCFR": 0.0005301600904203951,
    "mciw_rt_sCFR": 0.0017729072776273825,
    "mcic_rt_sCFR": 0.785,
    "mae_rcf_sCFR": 0.0008520654519088566,
    "mciw_rcf_sCFR": 0.00374169779708609,
    "mcic_rcf_sCFR": 0.885,
    "bias_beta_abs_1_sCFR": -0.11439007520675659,
    "width_beta_abs_1_sCFR": 3.0361313043162212,
    "cover_beta_abs_1_sCFR": true,
    "bias_lambda_1_sCFR": -0.12623250484466553,
    "width_lambda_1_sCFR": 3.2359007471241044,
    "cover_lambda_1_sCFR": true,
    "mae_rt_cCFR_cumulative": 0.01098719589817917,
    "mciw_rt_cCFR_cumulative": 0.0007346732529812052,
    "mcic_rt_cCFR_cumulative": 0.01,
    "mae_rt_aCFR_cumulative": 0.008031421606495554,
    "mciw_rt_aCFR_cumulative": 0.0018496399040060663,
    "mcic_rt_aCFR_cumulative": 0.07,
    "mae_rt_its": 0.00036688324040760087,
    "mciw_rt_its": 0.001573095053142967,
    "mcic_rt_its": 0.935,
    "mae_rcf_its": 0.0011886430763911105,
    "mciw_rcf_its": 0.0021234459093820946,
    "mcic_rcf_its": 0.775,
    "bias_beta_abs_1_its": -0.9972766397113237,
    "width_beta_abs_1_its": 0.15526687091388297,
    "cover_beta_abs_1_its": false,
    "bias_lambda_1_its": 1.10529853589242,
    "width_lambda_1_its": 0.014907935350506829,
    "cover_lambda_1_its": false
}