{
    "scenario_id": "S09",
    "mc_run": 1,
    "error": "None",
    "mae_rt_sCFR": 0.001455672667361796,
    "mciw_rt_sCFR": 0.005779750378977041,
    "mcic_rt_sCFR": 0.86,
    "mae_rcf_sCFR": 0.00287398393265903,
    "mciw_rcf_sCFR": 0.008176972885266875,
    "mcic_rcf_sCFR": 0.865,
    "bias_beta_abs_1_sCFR": -4.264484882354736,
    "width_beta_abs_1_sCFR": 3.3289167199516667,
    "cover_beta_abs_1_sCFR": false,
    "bias_lambda_1_sCFR": 0.7743659734725952,
    "width_lambda_1_sCFR": 3.463863107189536,
    "cover_lambda_1_sCFR": true,
    "bias_beta_abs_2_sCFR": -2.1309353709220886,
    "width_beta_abs_2_sCFR": 3.5498111153952774,
    "cover_beta_abs_2_sCFR": true,
    "bias_lambda_2_sCFR": 0.5362498879432678,
    "width_lambda_2_sCFR": 2.824309232085942,
    "cover_lambda_2_sCFR": true,
    "mae_rt_cCFR_cumulative": 0.011928604449518584,
    "mciw_rt_cCFR_cumulative": 0.0007492226103596231,
    "mcic_rt_cCFR_cumulative": 0.005,
    "mae_rt_aCFR_cumulative": 0.009401322055516576,
    "mciw_rt_aCFR_cumulative": 0.0027722123872460404,
    "mcic_rt_aCFR_cumulative": 0.125,
    "mae_rt_its": 0.0022025015834232346,
    "mciw_rt_its": 0.0014951985565904548,
    "mcic_rt_its": 0.22,
    "mae_rcf_its": 0.0027788983351608033,
    "mciw_rcf_its": 0.0031730779369056415,
    "mcic_rcf_its": 0.29,
    "bias_beta_abs_1_its": -4.664935910535897,
    "width_beta_abs_1_its": 0.18324415606061156,
    "cover_beta_abs_1_its": false,
    "bias_lambda_1_its": 2.392035383081728,
    "width_lambda_1_its": 0.0019305023708215963,
    "cover_lambda_1_its": false,
    "bias_beta_abs_2_its": -3.0,
    "width_beta_abs_2_its": 0.010150012740273776,
    "cover_beta_abs_2_its": false,
    "bias_lambda_2_its": 0.7404810359854908,
    "width_lambda_2_its": 0.00019943791475052208,
    "cover_lambda_2_its": false
}