{
    "scenario_id": "S05",
    "mc_run": 7,
    "error": "None",
    "mae_rt_sCFR": 0.00031485393992625177,
    "mciw_rt_sCFR": 0.0018105590661871246,
    "mcic_rt_sCFR": 0.925,
    "mae_rcf_sCFR": 0.0004315022088121623,
    "mciw_rcf_sCFR": 0.0041120158671401445,
    "mcic_rcf_sCFR": 1.0,
    "bias_beta_abs_1_sCFR": 0.02308058738708496,
    "width_beta_abs_1_sCFR": 3.0935743895359336,
    "cover_beta_abs_1_sCFR": true,
    "bias_lambda_1_sCFR": 0.003720402717590332,
    "width_lambda_1_sCFR": 3.1435341014061122,
    "cover_lambda_1_sCFR": true,
    "mae_rt_cCFR_cumulative": 0.008693209196533378,
    "mciw_rt_cCFR_cumulative": 0.0007602765662376841,
    "mcic_rt_cCFR_cumulative": 0.025,
    "mae_rt_aCFR_cumulative": 0.007088840146253438,
    "mciw_rt_aCFR_cumulative": 0.0018552027368781364,
    "mcic_rt_aCFR_cumulative": 0.055,
    "mae_rt_its": 0.0020107989349177693,
    "mciw_rt_its": 0.0024817621775563834,
    "mcic_rt_its": 0.345,
    "mae_rcf_its": 0.003739018214064908,
    "mciw_rcf_its": 0.006316377937671235,
    "mcic_rcf_its": 0.26,
    "bias_beta_abs_1_its": -0.4892686798961321,
    "width_beta_abs_1_its": 0.4931191367613851,
    "cover_beta_abs_1_its": false,
    "bias_lambda_1_its": 0.9022895048946229,
    "width_lambda_1_its": 0.01156554222827988,
    "cover_lambda_1_its": false
}