{
    "scenario_id": "S02",
    "mc_run": 2,
    "error": "None",
    "mae_rt_sCFR": 0.0002879274543374777,
    "mciw_rt_sCFR": 0.0017840558618772775,
    "mcic_rt_sCFR": 1.0,
    "mae_rcf_sCFR": 0.0007717416156083345,
    "mciw_rcf_sCFR": 0.0046086962368572125,
    "mcic_rcf_sCFR": 1.0,
    "bias_beta_abs_1_sCFR": -0.10463279485702515,
    "width_beta_abs_1_sCFR": 3.0432012419216323,
    "cover_beta_abs_1_sCFR": true,
    "bias_lambda_1_sCFR": -0.15785998106002808,
    "width_lambda_1_sCFR": 2.9094917841255663,
    "cover_lambda_1_sCFR": true,
    "mae_rt_cCFR_cumulative": 0.005417895511746968,
    "mciw_rt_cCFR_cumulative": 0.0006710917596846342,
    "mcic_rt_cCFR_cumulative": 0.025,
    "mae_rt_aCFR_cumulative": 0.001548573840004741,
    "mciw_rt_aCFR_cumulative": 0.002422697026915969,
    "mcic_rt_aCFR_cumulative": 0.535,
    "mae_rt_its": 0.0001931493739583079,
    "mciw_rt_its": 0.0010304571650850635,
    "mcic_rt_its": 0.945,
    "mae_rcf_its": 0.0015633802003618608,
    "mciw_rcf_its": 0.001091947963443399,
    "mcic_rcf_its": 0.48,
    "bias_beta_abs_1_its": -0.995026767432393,
    "width_beta_abs_1_its": 0.038232184163186314,
    "cover_beta_abs_1_its": false,
    "bias_lambda_1_its": 0.7737377497974931,
    "width_lambda_1_its": 6.097164541896127e-05,
    "cover_lambda_1_its": false
}