{
    "scenario_id": "S04",
    "mc_run": 1,
    "error": "None",
    "mae_rt_sCFR": 0.00044606562005355954,
    "mciw_rt_sCFR": 0.0018005150518147273,
    "mcic_rt_sCFR": 0.905,
    "mae_rcf_sCFR": 0.00044606562005355954,
    "mciw_rcf_sCFR": 0.0018005150518147273,
    "mcic_rcf_sCFR": 0.905,
    "mae_rt_cCFR_cumulative": 0.00776767860166643,
    "mciw_rt_cCFR_cumulative": 0.0007696796185903096,
    "mcic_rt_cCFR_cumulative": 0.025,
    "mae_rt_aCFR_cumulative": 0.005873142214367269,
    "mciw_rt_aCFR_cumulative": 0.002692932207225855,
    "mcic_rt_aCFR_cumulative": 0.075,
    "mae_rt_its": 0.0011527016678618619,
    "mciw_rt_its": 0.0013424459510617815,
    "mcic_rt_its": 0.455,
    "mae_rcf_its": 0.0011527016678618619,
    "mciw_rcf_its": 0.0013424459510617815,
    "mcic_rcf_its": 0.455
}