{
    "scenario_id": "S02",
    "mc_run": 2,
    "error": "None",
    "mae_rt_sCFR": 0.001335521461442113,
    "mciw_rt_sCFR": 0.008476506702718323,
    "mcic_rt_sCFR": 0.985,
    "mae_rcf_sCFR": 0.0022193402983248234,
    "mciw_rcf_sCFR": 0.009546889864490366,
    "mcic_rcf_sCFR": 0.895,
    "bias_beta_abs_1_sCFR": -3.617173433303833,
    "width_beta_abs_1_sCFR": 4.411465802813205,
    "cover_beta_abs_1_sCFR": false,
    "bias_lambda_1_sCFR": 0.43233163356781007,
    "width_lambda_1_sCFR": 2.4627065787091835,
    "cover_lambda_1_sCFR": true,
    "mae_rt_cCFR_cumulative": 0.006158893874016381,
    "mciw_rt_cCFR_cumulative": 0.0006645976799797474,
    "mcic_rt_cCFR_cumulative": 0.02,
    "mae_rt_aCFR_cumulative": 0.0029941902037249877,
    "mciw_rt_aCFR_cumulative": 0.0017425251164575827,
    "mcic_rt_aCFR_cumulative": 0.225,
    "mae_rt_its": 0.001263090735682229,
    "mciw_rt_its": 0.0010977838714431387,
    "mcic_rt_its": 0.265,
    "mae_rcf_its": 0.0027983562541175205,
    "mciw_rcf_its": 0.0013026161851599348,
    "mcic_rcf_its": 0.16,
    "bias_beta_abs_1_its": -4.955631267861332,
    "width_beta_abs_1_its": 0.0820269116768843,
    "cover_beta_abs_1_its": false,
    "bias_lambda_1_its": 1.1940822401505715,
    "width_lambda_1_its": 0.001024417242013076,
    "cover_lambda_1_its": false
}