{
    "scenario_id": "S03",
    "mc_run": 2,
    "error": "None",
    "mae_rt_sCFR": 0.0013920179335400462,
    "mciw_rt_sCFR": 0.010155331891961394,
    "mcic_rt_sCFR": 0.995,
    "mae_rcf_sCFR": 0.02070872113108635,
    "mciw_rcf_sCFR": 0.06640731244487687,
    "mcic_rcf_sCFR": 1.0,
    "bias_beta_abs_1_sCFR": 0.6514701843261719,
    "width_beta_abs_1_sCFR": 25.33770314306019,
    "cover_beta_abs_1_sCFR": true,
    "bias_lambda_1_sCFR": 1.0575494289398193,
    "width_lambda_1_sCFR": 3.874149843119085,
    "cover_lambda_1_sCFR": true,
    "bias_beta_abs_2_sCFR": -0.7174348831176758,
    "width_beta_abs_2_sCFR": 6.644041076380381,
    "cover_beta_abs_2_sCFR": true,
    "bias_lambda_2_sCFR": 0.4365591526031494,
    "width_lambda_2_sCFR": 2.4629450676497067,
    "cover_lambda_2_sCFR": true,
    "mae_rt_cCFR_cumulative": 0.005775310450494436,
    "mciw_rt_cCFR_cumulative": 0.0006722503814488431,
    "mcic_rt_cCFR_cumulative": 0.04,
    "mae_rt_aCFR_cumulative": 0.0033006859599156433,
    "mciw_rt_aCFR_cumulative": 0.0017917932244816055,
    "mcic_rt_aCFR_cumulative": 0.175,
    "mae_rt_its": 0.00189347439639354,
    "mciw_rt_its": 0.0012208926543143602,
    "mcic_rt_its": 0.19,
    "mae_rcf_its": 0.0020272090254726516,
    "mciw_rcf_its": 0.0017429371162413373,
    "mcic_rcf_its": 0.275,
    "bias_beta_abs_1_its": -4.754823166880141,
    "width_beta_abs_1_its": 0.08750580245834155,
    "cover_beta_abs_1_its": false,
    "bias_lambda_1_its": 2.9626449937872685,
    "width_lambda_1_its": 0.0002532051752286435,
    "cover_lambda_1_its": false,
    "bias_beta_abs_2_its": -3.0,
    "width_beta_abs_2_its": 0.004647636855994477,
    "cover_beta_abs_2_its": false,
    "bias_lambda_2_its": 0.546012314486694,
    "width_lambda_2_its": 9.113527455217874e-05,
    "cover_lambda_2_its": false
}