{
    "scenario_id": "S04",
    "mc_run": 2,
    "error": "None",
    "mae_rt_sCFR": 0.001630235929042101,
    "mciw_rt_sCFR": 0.010325402327056506,
    "mcic_rt_sCFR": 0.99,
    "mae_rcf_sCFR": 0.001630235929042101,
    "mciw_rcf_sCFR": 0.010325402327056506,
    "mcic_rcf_sCFR": 0.99,
    "mae_rt_cCFR_cumulative": 0.008133378844331096,
    "mciw_rt_cCFR_cumulative": 0.0007725121514635795,
    "mcic_rt_cCFR_cumulative": 0.01,
    "mae_rt_aCFR_cumulative": 0.0062499288354450145,
    "mciw_rt_aCFR_cumulative": 0.0022195335861371008,
    "mcic_rt_aCFR_cumulative": 0.105,
    "mae_rt_its": 0.0016167836910505329,
    "mciw_rt_its": 0.0011880013376330929,
    "mcic_rt_its": 0.26,
    "mae_rcf_its": 0.0016167836910505329,
    "mciw_rcf_its": 0.0011880013376330929,
    "mcic_rcf_its": 0.26
}