{
    "scenario_id": "S07",
    "mc_run": 6,
    "error": "None",
    "mae_rt_sCFR": 0.0003595399030018598,
    "mciw_rt_sCFR": 0.0018049421247560528,
    "mcic_rt_sCFR": 1.0,
    "mae_rcf_sCFR": 0.0003595399030018598,
    "mciw_rcf_sCFR": 0.0018049421247560528,
    "mcic_rcf_sCFR": 1.0,
    "mae_rt_cCFR_cumulative": 0.009942534757604532,
    "mciw_rt_cCFR_cumulative": 0.0007439047330851097,
    "mcic_rt_cCFR_cumulative": 0.01,
    "mae_rt_aCFR_cumulative": 0.007178776647730259,
    "mciw_rt_aCFR_cumulative": 0.0029031549687171744,
    "mcic_rt_aCFR_cumulative": 0.09,
    "mae_rt_its": 0.0014857265361087595,
    "mciw_rt_its": 0.0011748449049642769,
    "mcic_rt_its": 0.15,
    "mae_rcf_its": 0.0014857265361087595,
    "mciw_rcf_its": 0.0011748449049642769,
    "mcic_rcf_its": 0.15
}